2026-01-29 09:47:22,259 - Knowledge - INFO - Created shared MongoDB connection pool
2026-01-29 09:47:22,573 - Knowledge - INFO - Starting Knowledge Graph processing with 20 threads
2026-01-29 09:47:22,747 - Knowledge - INFO - Initial configuration: chunk_size=65536, max_cache_size=500
2026-01-29 09:47:22,914 - Knowledge - INFO - Knowledge Graph concurrency configuration: workers=20, max_batch_size=10, max_concurrent_llm_calls=50
2026-01-29 09:47:24,479 - Knowledge - INFO - 🔍 _load_persisted_knowledge called - checking for Redis optimization
2026-01-29 09:47:24,629 - Knowledge - WARNING - ❌ load_from_redis method not found - Redis support not attached
2026-01-29 09:47:24,815 - Knowledge - INFO - load persisted knowledge: begin
2026-01-29 09:47:24,977 - Knowledge - INFO - Loaded 0 files from persisted knowledge
2026-01-29 09:47:25,186 - Knowledge - INFO - load persisted knowledge: end
2026-01-29 09:47:25,357 - Knowledge - WARNING - No persisted knowledge found. Files will be queued during start()
2026-01-29 09:47:25,529 - Knowledge - INFO - Redis support added with prefix knowledge:b13420e:
2026-01-29 09:47:25,823 - Knowledge - INFO - Starting knowledge initialization for ID: PEYkCt-b13420e
2026-01-29 09:47:26,039 - Knowledge - INFO - 🔍 Checking Redis for build_id: b13420e
2026-01-29 09:47:26,215 - Knowledge - INFO - 🔍 Full session ID: PEYkCt-b13420e
2026-01-29 09:47:26,391 - Knowledge - INFO - 🔍 Redis prefix will be: knowledge:b13420e:
2026-01-29 09:47:26,572 - Knowledge - INFO - 🔍 Using attached load_from_redis() method
2026-01-29 09:47:26,723 - Knowledge - INFO - 🔍 Attempting to load knowledge from Redis...
2026-01-29 09:47:26,883 - Knowledge - INFO - 🔍 Using derived instance_id for Redis lookup: b13420e
2026-01-29 09:47:27,128 - Knowledge - WARNING - ❌ No Redis cache found
2026-01-29 09:47:27,313 - Knowledge - INFO - 📁 Loading knowledge from disk...
2026-01-29 09:47:27,553 - Knowledge - INFO - load persisted docinfo: begin
2026-01-29 09:47:27,757 - Knowledge - INFO - load persisted docinfo: end
2026-01-29 09:47:27,909 - Knowledge - INFO - 🔍 _load_persisted_knowledge called - checking for Redis optimization
2026-01-29 09:47:28,059 - Knowledge - INFO - ✅ load_from_redis method found - attempting Redis load
2026-01-29 09:47:28,277 - Knowledge - INFO - 🔍 Attempting to load knowledge from Redis...
2026-01-29 09:47:28,449 - Knowledge - INFO - 🔍 Using derived instance_id for Redis lookup: b13420e
2026-01-29 09:47:28,607 - Knowledge - WARNING - ❌ No Redis cache found
2026-01-29 09:47:28,785 - Knowledge - INFO - ❌ Redis load returned False - falling back to file loading
2026-01-29 09:47:28,955 - Knowledge - INFO - load persisted knowledge: begin
2026-01-29 09:47:29,130 - Knowledge - INFO - Loaded 0 files from persisted knowledge
2026-01-29 09:47:29,290 - Knowledge - INFO - load persisted knowledge: end
2026-01-29 09:47:29,453 - Knowledge - INFO - 📁 Disk load complete in 1.94s
2026-01-29 09:47:29,655 - Knowledge - INFO - Populating ingest queue with source files...
2026-01-29 09:47:29,881 - Knowledge - INFO - Added 128 files from /app/data/T0015/304863/b13420e/MERN_Stack_Project_Ecommerce_Hayroo-304863 to ingest queue
2026-01-29 09:47:30,082 - Knowledge - INFO - [WEBSOCKET] Sent: Type=progress_update, Size: 160, Duration: 0ms
2026-01-29 09:47:30,263 - Knowledge - INFO - Worker kw1 created using shared MongoDB connection pool
2026-01-29 09:47:30,421 - Knowledge - INFO - knowledge worker kw1 start
2026-01-29 09:47:30,422 - Knowledge - INFO - Worker kw2 created using shared MongoDB connection pool
2026-01-29 09:47:30,613 - Knowledge - INFO - [kw1] Queue=128, InProgress=0, PendingWorkers=0/1, Completed=0/128 (0.0%)
2026-01-29 09:47:30,705 - Knowledge - INFO - knowledge worker kw2 start
2026-01-29 09:47:30,705 - Knowledge - INFO - Worker kw3 created using shared MongoDB connection pool
2026-01-29 09:47:30,786 - Knowledge - INFO - Batch sizing: calculated=5, max_allowed=10, queue=128, active_workers=0/2
2026-01-29 09:47:30,890 - Knowledge - INFO - [kw2] Queue=128, InProgress=0, PendingWorkers=0/2, Completed=0/128 (0.0%)
2026-01-29 09:47:30,964 - Knowledge - INFO - knowledge worker kw3 start
2026-01-29 09:47:30,965 - Knowledge - INFO - Worker kw4 created using shared MongoDB connection pool
2026-01-29 09:47:31,074 - Knowledge - INFO - Worker kw1 processing /app/data/T0015/304863/b13420e/MERN_Stack_Project_Ecommerce_Hayroo-304863/README.md
2026-01-29 09:47:31,147 - Knowledge - INFO - Batch sizing: calculated=5, max_allowed=10, queue=128, active_workers=1/3
2026-01-29 09:47:31,221 - Knowledge - INFO - [kw3] Queue=123, InProgress=0, PendingWorkers=1/3, Completed=0/128 (0.0%)
2026-01-29 09:47:31,303 - Knowledge - INFO - knowledge worker kw4 start
2026-01-29 09:47:31,303 - Knowledge - INFO - Worker kw5 created using shared MongoDB connection pool
2026-01-29 09:47:31,386 - Knowledge - INFO - Fast-tracked /app/data/T0015/304863/b13420e/MERN_Stack_Project_Ecommerce_Hayroo-304863/README.md (ext=.md, size=4377)
2026-01-29 09:47:31,459 - Knowledge - INFO - Worker kw2 processing /app/data/T0015/304863/b13420e/MERN_Stack_Project_Ecommerce_Hayroo-304863/server/controller/auth.js
2026-01-29 09:47:31,542 - Knowledge - INFO - Batch sizing: calculated=5, max_allowed=10, queue=123, active_workers=2/4
2026-01-29 09:47:31,625 - Knowledge - INFO - [kw4] Queue=118, InProgress=0, PendingWorkers=2/4, Completed=0/128 (0.0%)
2026-01-29 09:47:31,739 - Knowledge - INFO - knowledge worker kw5 start
2026-01-29 09:47:31,739 - Knowledge - INFO - Worker kw6 created using shared MongoDB connection pool
2026-01-29 09:47:31,831 - Knowledge - INFO - Worker kw1 processing /app/data/T0015/304863/b13420e/MERN_Stack_Project_Ecommerce_Hayroo-304863/server/controller/orders.js
2026-01-29 09:47:31,919 - Knowledge - INFO - Worker kw2 processing /app/data/T0015/304863/b13420e/MERN_Stack_Project_Ecommerce_Hayroo-304863/server/controller/braintree.js
2026-01-29 09:47:32,033 - Knowledge - INFO - Worker kw3 processing /app/data/T0015/304863/b13420e/MERN_Stack_Project_Ecommerce_Hayroo-304863/server/models/customize.js
2026-01-29 09:47:32,132 - Knowledge - INFO - Batch sizing: calculated=5, max_allowed=10, queue=118, active_workers=3/5
2026-01-29 09:47:32,233 - Knowledge - INFO - [kw5] Queue=113, InProgress=0, PendingWorkers=3/5, Completed=0/128 (0.0%)
2026-01-29 09:47:32,325 - Knowledge - INFO - knowledge worker kw6 start
2026-01-29 09:47:32,326 - Knowledge - INFO - Worker kw7 created using shared MongoDB connection pool
2026-01-29 09:47:32,459 - Knowledge - INFO - Worker kw1 processing /app/data/T0015/304863/b13420e/MERN_Stack_Project_Ecommerce_Hayroo-304863/server/controller/customize.js
2026-01-29 09:47:32,536 - Knowledge - INFO - Fast-tracked /app/data/T0015/304863/b13420e/MERN_Stack_Project_Ecommerce_Hayroo-304863/server/controller/braintree.js (ext=.js, size=1203)
2026-01-29 09:47:32,654 - Knowledge - INFO - Fast-tracked /app/data/T0015/304863/b13420e/MERN_Stack_Project_Ecommerce_Hayroo-304863/server/models/customize.js (ext=.js, size=330)
2026-01-29 09:47:32,745 - Knowledge - INFO - Worker kw4 processing /app/data/T0015/304863/b13420e/MERN_Stack_Project_Ecommerce_Hayroo-304863/server/routes/orders.js
2026-01-29 09:47:32,854 - Knowledge - INFO - Batch sizing: calculated=5, max_allowed=10, queue=113, active_workers=4/6
2026-01-29 09:47:32,958 - Knowledge - INFO - [kw6] Queue=108, InProgress=0, PendingWorkers=4/6, Completed=0/128 (0.0%)
2026-01-29 09:47:33,006 - Knowledge - INFO - knowledge worker kw7 start
2026-01-29 09:47:33,006 - Knowledge - INFO - Worker kw8 created using shared MongoDB connection pool
2026-01-29 09:47:33,081 - Knowledge - INFO - Worker kw1 processing /app/data/T0015/304863/b13420e/MERN_Stack_Project_Ecommerce_Hayroo-304863/server/controller/categories.js
2026-01-29 09:47:33,149 - Knowledge - INFO - Worker kw2 processing /app/data/T0015/304863/b13420e/MERN_Stack_Project_Ecommerce_Hayroo-304863/server/controller/products.js
2026-01-29 09:47:33,221 - Knowledge - INFO - Worker kw3 processing /app/data/T0015/304863/b13420e/MERN_Stack_Project_Ecommerce_Hayroo-304863/server/models/categories.js
2026-01-29 09:47:33,364 - Knowledge - INFO - Fast-tracked /app/data/T0015/304863/b13420e/MERN_Stack_Project_Ecommerce_Hayroo-304863/server/routes/orders.js (ext=.js, size=473)
2026-01-29 09:47:33,455 - Knowledge - INFO - Worker kw5 processing /app/data/T0015/304863/b13420e/MERN_Stack_Project_Ecommerce_Hayroo-304863/server/routes/braintree.js
2026-01-29 09:47:33,556 - Knowledge - INFO - Batch sizing: calculated=5, max_allowed=10, queue=108, active_workers=5/7
2026-01-29 09:47:33,687 - Knowledge - INFO - [kw7] Queue=103, InProgress=0, PendingWorkers=5/7, Completed=0/128 (0.0%)
2026-01-29 09:47:33,774 - Knowledge - INFO - knowledge worker kw8 start
2026-01-29 09:47:33,774 - Knowledge - INFO - Worker kw9 created using shared MongoDB connection pool
2026-01-29 09:47:33,891 - Knowledge - INFO - Worker kw1 processing /app/data/T0015/304863/b13420e/MERN_Stack_Project_Ecommerce_Hayroo-304863/server/controller/users.js
2026-01-29 09:47:33,969 - Knowledge - INFO - Worker kw2 processing /app/data/T0015/304863/b13420e/MERN_Stack_Project_Ecommerce_Hayroo-304863/server/package.json
2026-01-29 09:47:34,058 - Knowledge - INFO - Fast-tracked /app/data/T0015/304863/b13420e/MERN_Stack_Project_Ecommerce_Hayroo-304863/server/models/categories.js (ext=.js, size=455)
2026-01-29 09:47:34,150 - Knowledge - INFO - Worker kw4 processing /app/data/T0015/304863/b13420e/MERN_Stack_Project_Ecommerce_Hayroo-304863/server/routes/customize.js
2026-01-29 09:47:34,236 - Knowledge - INFO - Fast-tracked /app/data/T0015/304863/b13420e/MERN_Stack_Project_Ecommerce_Hayroo-304863/server/routes/braintree.js (ext=.js, size=303)
2026-01-29 09:47:34,310 - Knowledge - INFO - Worker kw6 processing /app/data/T0015/304863/b13420e/MERN_Stack_Project_Ecommerce_Hayroo-304863/server/config/keys.js
2026-01-29 09:47:34,401 - Knowledge - INFO - Batch sizing: calculated=5, max_allowed=10, queue=103, active_workers=6/8
2026-01-29 09:47:34,518 - Knowledge - INFO - [kw8] Queue=98, InProgress=0, PendingWorkers=6/8, Completed=0/128 (0.0%)
2026-01-29 09:47:34,633 - Knowledge - INFO - knowledge worker kw9 start
2026-01-29 09:47:34,634 - Knowledge - INFO - Worker kw10 created using shared MongoDB connection pool
2026-01-29 09:47:34,725 - Knowledge - INFO - Fast-tracked /app/data/T0015/304863/b13420e/MERN_Stack_Project_Ecommerce_Hayroo-304863/server/controller/orders.js (small file (2605 bytes))
2026-01-29 09:47:34,817 - Knowledge - INFO - Fast-tracked /app/data/T0015/304863/b13420e/MERN_Stack_Project_Ecommerce_Hayroo-304863/server/package.json (ext=.json, size=950)
2026-01-29 09:47:34,910 - Knowledge - INFO - Worker kw3 processing /app/data/T0015/304863/b13420e/MERN_Stack_Project_Ecommerce_Hayroo-304863/server/models/users.js
2026-01-29 09:47:35,044 - Knowledge - INFO - Fast-tracked /app/data/T0015/304863/b13420e/MERN_Stack_Project_Ecommerce_Hayroo-304863/server/routes/customize.js (ext=.js, size=772)
2026-01-29 09:47:35,113 - Knowledge - INFO - Worker kw5 processing /app/data/T0015/304863/b13420e/MERN_Stack_Project_Ecommerce_Hayroo-304863/server/routes/products.js
2026-01-29 09:47:35,195 - Knowledge - INFO - Fast-tracked /app/data/T0015/304863/b13420e/MERN_Stack_Project_Ecommerce_Hayroo-304863/server/config/keys.js (ext=.js, size=49)
2026-01-29 09:47:35,277 - Knowledge - INFO - Worker kw7 processing /app/data/T0015/304863/b13420e/MERN_Stack_Project_Ecommerce_Hayroo-304863/client/src/components/shop/partials/Footer.js
2026-01-29 09:47:35,353 - Knowledge - INFO - Batch sizing: calculated=4, max_allowed=10, queue=98, active_workers=7/9
2026-01-29 09:47:35,455 - Knowledge - INFO - [kw9] Queue=93, InProgress=0, PendingWorkers=7/9, Completed=0/128 (0.0%)
2026-01-29 09:47:35,546 - Knowledge - INFO - knowledge worker kw10 start
2026-01-29 09:47:35,546 - Knowledge - INFO - Worker kw11 created using shared MongoDB connection pool
2026-01-29 09:47:35,707 - Knowledge - INFO - Fast-tracked /app/data/T0015/304863/b13420e/MERN_Stack_Project_Ecommerce_Hayroo-304863/server/controller/customize.js (small file (2227 bytes))
2026-01-29 09:47:35,781 - Knowledge - INFO - Worker kw2 processing /app/data/T0015/304863/b13420e/MERN_Stack_Project_Ecommerce_Hayroo-304863/server/models/orders.js
2026-01-29 09:47:35,863 - Knowledge - INFO - Fast-tracked /app/data/T0015/304863/b13420e/MERN_Stack_Project_Ecommerce_Hayroo-304863/server/models/users.js (ext=.js, size=908)
2026-01-29 09:47:35,943 - Knowledge - INFO - Worker kw4 processing /app/data/T0015/304863/b13420e/MERN_Stack_Project_Ecommerce_Hayroo-304863/server/routes/categories.js
2026-01-29 09:47:36,061 - Knowledge - INFO - Fast-tracked /app/data/T0015/304863/b13420e/MERN_Stack_Project_Ecommerce_Hayroo-304863/server/routes/products.js (ext=.js, size=1216)
2026-01-29 09:47:36,189 - Knowledge - INFO - Worker kw6 processing /app/data/T0015/304863/b13420e/MERN_Stack_Project_Ecommerce_Hayroo-304863/server/middleware/auth.js
2026-01-29 09:47:36,275 - Knowledge - INFO - Fast-tracked /app/data/T0015/304863/b13420e/MERN_Stack_Project_Ecommerce_Hayroo-304863/client/src/components/shop/partials/Footer.js (ext=.js, size=400)
2026-01-29 09:47:36,347 - Knowledge - INFO - Worker kw8 processing /app/data/T0015/304863/b13420e/MERN_Stack_Project_Ecommerce_Hayroo-304863/client/src/components/shop/partials/FetchApi.js
2026-01-29 09:47:36,431 - Knowledge - INFO - Batch sizing: calculated=4, max_allowed=10, queue=93, active_workers=8/10
2026-01-29 09:47:36,524 - Knowledge - INFO - [kw10] Queue=89, InProgress=0, PendingWorkers=8/10, Completed=0/128 (0.0%)
2026-01-29 09:47:36,609 - Knowledge - INFO - knowledge worker kw11 start
2026-01-29 09:47:36,609 - Knowledge - INFO - Worker kw12 created using shared MongoDB connection pool
2026-01-29 09:47:36,725 - Knowledge - INFO - Fast-tracked /app/data/T0015/304863/b13420e/MERN_Stack_Project_Ecommerce_Hayroo-304863/server/controller/categories.js (small file (3013 bytes))
2026-01-29 09:47:36,802 - Knowledge - INFO - Fast-tracked /app/data/T0015/304863/b13420e/MERN_Stack_Project_Ecommerce_Hayroo-304863/server/models/orders.js (ext=.js, size=911)
2026-01-29 09:47:36,929 - Knowledge - INFO - Worker kw3 processing /app/data/T0015/304863/b13420e/MERN_Stack_Project_Ecommerce_Hayroo-304863/server/models/products.js
2026-01-29 09:47:37,015 - Knowledge - INFO - Fast-tracked /app/data/T0015/304863/b13420e/MERN_Stack_Project_Ecommerce_Hayroo-304863/server/routes/categories.js (ext=.js, size=894)
2026-01-29 09:47:37,089 - Knowledge - INFO - Worker kw5 processing /app/data/T0015/304863/b13420e/MERN_Stack_Project_Ecommerce_Hayroo-304863/server/config/function.js
2026-01-29 09:47:37,193 - Knowledge - INFO - Fast-tracked /app/data/T0015/304863/b13420e/MERN_Stack_Project_Ecommerce_Hayroo-304863/server/middleware/auth.js (ext=.js, size=1029)
2026-01-29 09:47:37,283 - Knowledge - INFO - Worker kw7 processing /app/data/T0015/304863/b13420e/MERN_Stack_Project_Ecommerce_Hayroo-304863/client/src/components/shop/partials/Action.js
2026-01-29 09:47:37,403 - Knowledge - INFO - Fast-tracked /app/data/T0015/304863/b13420e/MERN_Stack_Project_Ecommerce_Hayroo-304863/client/src/components/shop/partials/FetchApi.js (ext=.js, size=470)
2026-01-29 09:47:37,487 - Knowledge - INFO - Worker kw9 processing /app/data/T0015/304863/b13420e/MERN_Stack_Project_Ecommerce_Hayroo-304863/client/src/components/shop/order/FetchApi.js
2026-01-29 09:47:37,565 - Knowledge - INFO - Batch sizing: calculated=4, max_allowed=10, queue=89, active_workers=9/11
2026-01-29 09:47:37,655 - Knowledge - INFO - [kw11] Queue=85, InProgress=0, PendingWorkers=9/11, Completed=0/128 (0.0%)
2026-01-29 09:47:37,742 - Knowledge - INFO - knowledge worker kw12 start
2026-01-29 09:47:37,742 - Knowledge - INFO - Worker kw13 created using shared MongoDB connection pool
2026-01-29 09:47:38,001 - Knowledge - INFO - Fast-tracked /app/data/T0015/304863/b13420e/MERN_Stack_Project_Ecommerce_Hayroo-304863/server/models/products.js (ext=.js, size=1059)
2026-01-29 09:47:38,081 - Knowledge - INFO - Worker kw4 processing /app/data/T0015/304863/b13420e/MERN_Stack_Project_Ecommerce_Hayroo-304863/server/routes/users.js
2026-01-29 09:47:38,163 - Knowledge - INFO - Fast-tracked /app/data/T0015/304863/b13420e/MERN_Stack_Project_Ecommerce_Hayroo-304863/server/config/function.js (ext=.js, size=890)
2026-01-29 09:47:38,243 - Knowledge - INFO - Worker kw6 processing /app/data/T0015/304863/b13420e/MERN_Stack_Project_Ecommerce_Hayroo-304863/client/src/App.js
2026-01-29 09:47:38,320 - Knowledge - INFO - Fast-tracked /app/data/T0015/304863/b13420e/MERN_Stack_Project_Ecommerce_Hayroo-304863/client/src/components/shop/partials/Action.js (ext=.js, size=171)
2026-01-29 09:47:38,407 - Knowledge - INFO - Worker kw8 processing /app/data/T0015/304863/b13420e/MERN_Stack_Project_Ecommerce_Hayroo-304863/client/src/components/shop/order/CheckoutPage.js
2026-01-29 09:47:38,489 - Knowledge - INFO - Fast-tracked /app/data/T0015/304863/b13420e/MERN_Stack_Project_Ecommerce_Hayroo-304863/client/src/components/shop/order/FetchApi.js (ext=.js, size=786)
2026-01-29 09:47:38,564 - Knowledge - INFO - Worker kw10 processing /app/data/T0015/304863/b13420e/MERN_Stack_Project_Ecommerce_Hayroo-304863/client/src/components/shop/auth/CartProtectedRoute.js
2026-01-29 09:47:38,660 - Knowledge - INFO - Batch sizing: calculated=4, max_allowed=10, queue=85, active_workers=10/12
2026-01-29 09:47:38,759 - Knowledge - INFO - [kw12] Queue=81, InProgress=0, PendingWorkers=10/12, Completed=0/128 (0.0%)
2026-01-29 09:47:38,833 - Knowledge - INFO - knowledge worker kw13 start
2026-01-29 09:47:38,833 - Knowledge - INFO - Worker kw14 created using shared MongoDB connection pool
2026-01-29 09:47:38,924 - Knowledge - INFO - Worker kw3 processing /app/data/T0015/304863/b13420e/MERN_Stack_Project_Ecommerce_Hayroo-304863/server/app.js
2026-01-29 09:47:39,035 - Knowledge - INFO - Fast-tracked /app/data/T0015/304863/b13420e/MERN_Stack_Project_Ecommerce_Hayroo-304863/server/routes/users.js (ext=.js, size=504)
2026-01-29 09:47:39,112 - Knowledge - INFO - Worker kw5 processing /app/data/T0015/304863/b13420e/MERN_Stack_Project_Ecommerce_Hayroo-304863/server/config/db.js
2026-01-29 09:47:39,204 - Knowledge - INFO - Fast-tracked /app/data/T0015/304863/b13420e/MERN_Stack_Project_Ecommerce_Hayroo-304863/client/src/App.js (ext=.js, size=431)
2026-01-29 09:47:39,302 - Knowledge - INFO - Worker kw7 processing /app/data/T0015/304863/b13420e/MERN_Stack_Project_Ecommerce_Hayroo-304863/client/src/components/shop/partials/Navber.js
2026-01-29 09:47:39,373 - Knowledge - INFO - Fast-tracked /app/data/T0015/304863/b13420e/MERN_Stack_Project_Ecommerce_Hayroo-304863/client/src/components/shop/order/CheckoutPage.js (ext=.js, size=294)
2026-01-29 09:47:39,458 - Knowledge - INFO - Worker kw9 processing /app/data/T0015/304863/b13420e/MERN_Stack_Project_Ecommerce_Hayroo-304863/client/src/components/shop/auth/ProtectedRoute.js
2026-01-29 09:47:39,558 - Knowledge - INFO - Fast-tracked /app/data/T0015/304863/b13420e/MERN_Stack_Project_Ecommerce_Hayroo-304863/client/src/components/shop/auth/CartProtectedRoute.js (ext=.js, size=562)
2026-01-29 09:47:39,638 - Knowledge - INFO - Worker kw11 processing /app/data/T0015/304863/b13420e/MERN_Stack_Project_Ecommerce_Hayroo-304863/client/src/components/shop/layout/layoutContext.js
2026-01-29 09:47:39,724 - Knowledge - INFO - Batch sizing: calculated=4, max_allowed=10, queue=81, active_workers=11/13
2026-01-29 09:47:40,019 - Knowledge - INFO - [kw13] Queue=77, InProgress=0, PendingWorkers=11/13, Completed=0/128 (0.0%)
2026-01-29 09:47:40,136 - Knowledge - INFO - knowledge worker kw14 start
2026-01-29 09:47:40,136 - Knowledge - INFO - Worker kw15 created using shared MongoDB connection pool
2026-01-29 09:47:40,220 - Knowledge - INFO - Fast-tracked /app/data/T0015/304863/b13420e/MERN_Stack_Project_Ecommerce_Hayroo-304863/server/app.js (small file (2320 bytes))
2026-01-29 09:47:40,295 - Knowledge - INFO - Worker kw4 processing /app/data/T0015/304863/b13420e/MERN_Stack_Project_Ecommerce_Hayroo-304863/server/routes/auth.js
2026-01-29 09:47:40,419 - Knowledge - INFO - Fast-tracked /app/data/T0015/304863/b13420e/MERN_Stack_Project_Ecommerce_Hayroo-304863/server/config/db.js (ext=.js, size=302)
2026-01-29 09:47:40,509 - Knowledge - INFO - Worker kw6 processing /app/data/T0015/304863/b13420e/MERN_Stack_Project_Ecommerce_Hayroo-304863/client/src/components/shop/partials/style.css
2026-01-29 09:47:40,629 - Knowledge - INFO - Worker kw7 processing /app/data/T0015/304863/b13420e/MERN_Stack_Project_Ecommerce_Hayroo-304863/client/src/components/shop/partials/Mixins.js
2026-01-29 09:47:40,717 - Knowledge - INFO - Worker kw8 processing /app/data/T0015/304863/b13420e/MERN_Stack_Project_Ecommerce_Hayroo-304863/client/src/components/shop/order/Action.js
2026-01-29 09:47:40,799 - Knowledge - INFO - Fast-tracked /app/data/T0015/304863/b13420e/MERN_Stack_Project_Ecommerce_Hayroo-304863/client/src/components/shop/auth/ProtectedRoute.js (ext=.js, size=514)
2026-01-29 09:47:40,878 - Knowledge - INFO - Worker kw10 processing /app/data/T0015/304863/b13420e/MERN_Stack_Project_Ecommerce_Hayroo-304863/client/src/components/shop/auth/Signup.js
2026-01-29 09:47:40,985 - Knowledge - INFO - Fast-tracked /app/data/T0015/304863/b13420e/MERN_Stack_Project_Ecommerce_Hayroo-304863/client/src/components/shop/layout/layoutContext.js (ext=.js, size=1448)
2026-01-29 09:47:41,069 - Knowledge - INFO - Worker kw12 processing /app/data/T0015/304863/b13420e/MERN_Stack_Project_Ecommerce_Hayroo-304863/client/src/components/shop/home/ProductCategory.js
2026-01-29 09:47:41,138 - Knowledge - INFO - Batch sizing: calculated=4, max_allowed=10, queue=77, active_workers=12/14
2026-01-29 09:47:41,227 - Knowledge - INFO - [kw14] Queue=73, InProgress=0, PendingWorkers=12/14, Completed=0/128 (0.0%)
2026-01-29 09:47:41,356 - Knowledge - INFO - knowledge worker kw15 start
2026-01-29 09:47:41,357 - Knowledge - INFO - Worker kw16 created using shared MongoDB connection pool
2026-01-29 09:47:41,528 - Knowledge - INFO - Processing batch of 5 files
2026-01-29 09:47:41,603 - Knowledge - INFO - Fast-tracked /app/data/T0015/304863/b13420e/MERN_Stack_Project_Ecommerce_Hayroo-304863/server/routes/auth.js (ext=.js, size=447)
2026-01-29 09:47:41,712 - Knowledge - INFO - Worker kw5 processing /app/data/T0015/304863/b13420e/MERN_Stack_Project_Ecommerce_Hayroo-304863/server/config/uploadFolderCreateScript.js
2026-01-29 09:47:41,797 - Knowledge - INFO - Fast-tracked /app/data/T0015/304863/b13420e/MERN_Stack_Project_Ecommerce_Hayroo-304863/client/src/components/shop/partials/style.css (ext=.css, size=160)
2026-01-29 09:47:41,872 - Knowledge - INFO - Fast-tracked /app/data/T0015/304863/b13420e/MERN_Stack_Project_Ecommerce_Hayroo-304863/client/src/components/shop/partials/Mixins.js (ext=.js, size=701)
2026-01-29 09:47:41,955 - Knowledge - INFO - Worker kw8 processing /app/data/T0015/304863/b13420e/MERN_Stack_Project_Ecommerce_Hayroo-304863/client/src/components/shop/order/CheckoutProducts.js
2026-01-29 09:47:42,039 - Knowledge - INFO - Worker kw9 processing /app/data/T0015/304863/b13420e/MERN_Stack_Project_Ecommerce_Hayroo-304863/client/src/components/shop/auth/Login.js
2026-01-29 09:47:42,136 - Knowledge - INFO - Worker kw10 processing /app/data/T0015/304863/b13420e/MERN_Stack_Project_Ecommerce_Hayroo-304863/client/src/components/shop/auth/AdminProtectedRoute.js
2026-01-29 09:47:42,213 - Knowledge - INFO - Worker kw11 processing /app/data/T0015/304863/b13420e/MERN_Stack_Project_Ecommerce_Hayroo-304863/client/src/components/shop/layout/PageNotFound.js
2026-01-29 09:47:42,291 - Knowledge - INFO - Worker kw12 processing /app/data/T0015/304863/b13420e/MERN_Stack_Project_Ecommerce_Hayroo-304863/client/src/components/shop/home/Slider.js
2026-01-29 09:47:42,362 - Knowledge - INFO - Worker kw13 processing /app/data/T0015/304863/b13420e/MERN_Stack_Project_Ecommerce_Hayroo-304863/client/src/components/shop/home/OrderSuccessMessage.js
2026-01-29 09:47:42,466 - Knowledge - INFO - Batch sizing: calculated=4, max_allowed=10, queue=73, active_workers=13/15
2026-01-29 09:47:42,561 - Knowledge - INFO - [kw15] Queue=69, InProgress=0, PendingWorkers=13/15, Completed=5/128 (3.9%)
2026-01-29 09:47:42,623 - Knowledge - INFO - knowledge worker kw16 start
2026-01-29 09:47:42,628 - Knowledge - INFO - Worker kw17 created using shared MongoDB connection pool
2026-01-29 09:47:42,707 - Knowledge - INFO - process ingested knowledge for /app/data/T0015/304863/b13420e/MERN_Stack_Project_Ecommerce_Hayroo-304863/server/models/customize.js
2026-01-29 09:47:42,822 - Knowledge - INFO - Processing batch of 5 files
2026-01-29 09:47:42,879 - Knowledge - INFO - Fast-tracked /app/data/T0015/304863/b13420e/MERN_Stack_Project_Ecommerce_Hayroo-304863/server/config/uploadFolderCreateScript.js (ext=.js, size=598)
2026-01-29 09:47:42,972 - Knowledge - INFO - Worker kw6 processing /app/data/T0015/304863/b13420e/MERN_Stack_Project_Ecommerce_Hayroo-304863/client/src/components/shop/partials/CartModal.js
2026-01-29 09:47:43,051 - Knowledge - INFO - Worker kw7 processing /app/data/T0015/304863/b13420e/MERN_Stack_Project_Ecommerce_Hayroo-304863/client/src/components/shop/partials/index.js
2026-01-29 09:47:43,144 - Knowledge - INFO - Fast-tracked /app/data/T0015/304863/b13420e/MERN_Stack_Project_Ecommerce_Hayroo-304863/client/src/components/shop/order/Action.js (small file (2955 bytes))
2026-01-29 09:47:43,226 - Knowledge - INFO - Worker kw9 processing /app/data/T0015/304863/b13420e/MERN_Stack_Project_Ecommerce_Hayroo-304863/client/src/components/shop/auth/LoginSignup.js
2026-01-29 09:47:43,320 - Knowledge - INFO - Fast-tracked /app/data/T0015/304863/b13420e/MERN_Stack_Project_Ecommerce_Hayroo-304863/client/src/components/shop/auth/AdminProtectedRoute.js (ext=.js, size=535)
2026-01-29 09:47:43,425 - Knowledge - INFO - Fast-tracked /app/data/T0015/304863/b13420e/MERN_Stack_Project_Ecommerce_Hayroo-304863/client/src/components/shop/layout/PageNotFound.js (ext=.js, size=914)
2026-01-29 09:47:43,508 - Knowledge - INFO - Worker kw12 processing /app/data/T0015/304863/b13420e/MERN_Stack_Project_Ecommerce_Hayroo-304863/client/src/components/shop/home/SingleProduct.js
2026-01-29 09:47:43,604 - Knowledge - INFO - Fast-tracked /app/data/T0015/304863/b13420e/MERN_Stack_Project_Ecommerce_Hayroo-304863/client/src/components/shop/home/OrderSuccessMessage.js (ext=.js, size=1353)
2026-01-29 09:47:43,677 - Knowledge - INFO - Worker kw14 processing /app/data/T0015/304863/b13420e/MERN_Stack_Project_Ecommerce_Hayroo-304863/client/src/components/shop/home/ProductCategoryDropdown.js
2026-01-29 09:47:43,768 - Knowledge - INFO - Batch sizing: calculated=4, max_allowed=10, queue=69, active_workers=14/16
2026-01-29 09:47:43,880 - Knowledge - INFO - [kw16] Queue=65, InProgress=0, PendingWorkers=14/16, Completed=10/128 (7.8%)
2026-01-29 09:47:43,983 - Knowledge - INFO - knowledge worker kw17 start
2026-01-29 09:47:43,983 - Knowledge - INFO - Worker kw18 created using shared MongoDB connection pool
2026-01-29 09:47:44,114 - Knowledge - INFO - process ingested knowledge for /app/data/T0015/304863/b13420e/MERN_Stack_Project_Ecommerce_Hayroo-304863/server/models/categories.js
2026-01-29 09:47:44,203 - Knowledge - INFO - process ingested knowledge for /app/data/T0015/304863/b13420e/MERN_Stack_Project_Ecommerce_Hayroo-304863/server/routes/orders.js
2026-01-29 09:47:44,435 - Knowledge - INFO - Processing batch of 5 files
2026-01-29 09:47:44,474 - Knowledge - INFO - Fast-tracked /app/data/T0015/304863/b13420e/MERN_Stack_Project_Ecommerce_Hayroo-304863/client/src/components/shop/partials/index.js (ext=.js, size=138)
2026-01-29 09:47:44,800 - Knowledge - INFO - Worker kw10 processing /app/data/T0015/304863/b13420e/MERN_Stack_Project_Ecommerce_Hayroo-304863/client/src/components/shop/auth/fetchApi.js
2026-01-29 09:47:45,022 - Knowledge - INFO - Worker kw11 processing /app/data/T0015/304863/b13420e/MERN_Stack_Project_Ecommerce_Hayroo-304863/client/src/components/shop/layout/index.js
2026-01-29 09:47:45,073 - Knowledge - INFO - [LLM_CALL] Completed: users.js:chunk1, Duration: 7242ms, PromptTokens: 2560, CompletionTokens: 473, Cost: $0.00045
2026-01-29 09:47:45,185 - Knowledge - INFO - Worker kw12 processing /app/data/T0015/304863/b13420e/MERN_Stack_Project_Ecommerce_Hayroo-304863/client/src/components/shop/home/HomeContext.js
2026-01-29 09:47:45,274 - Knowledge - INFO - Worker kw13 processing /app/data/T0015/304863/b13420e/MERN_Stack_Project_Ecommerce_Hayroo-304863/client/src/components/shop/home/ProductByCategory.js
2026-01-29 09:47:45,368 - Knowledge - INFO - Worker kw14 processing /app/data/T0015/304863/b13420e/MERN_Stack_Project_Ecommerce_Hayroo-304863/client/src/components/shop/index.js
2026-01-29 09:47:45,521 - Knowledge - INFO - Batch sizing: calculated=4, max_allowed=10, queue=65, active_workers=15/17
2026-01-29 09:47:45,608 - Knowledge - INFO - [kw17] Queue=61, InProgress=0, PendingWorkers=15/17, Completed=15/128 (11.7%)
2026-01-29 09:47:45,681 - Knowledge - INFO - knowledge worker kw18 start
2026-01-29 09:47:45,681 - Knowledge - INFO - Worker kw19 created using shared MongoDB connection pool
2026-01-29 09:47:45,763 - Knowledge - INFO - process ingested knowledge for /app/data/T0015/304863/b13420e/MERN_Stack_Project_Ecommerce_Hayroo-304863/server/models/users.js
2026-01-29 09:47:45,832 - Knowledge - INFO - process ingested knowledge for /app/data/T0015/304863/b13420e/MERN_Stack_Project_Ecommerce_Hayroo-304863/server/routes/customize.js
2026-01-29 09:47:45,931 - Knowledge - INFO - process ingested knowledge for /app/data/T0015/304863/b13420e/MERN_Stack_Project_Ecommerce_Hayroo-304863/server/routes/braintree.js
2026-01-29 09:47:46,178 - Knowledge - INFO - Fast-tracked /app/data/T0015/304863/b13420e/MERN_Stack_Project_Ecommerce_Hayroo-304863/client/src/components/shop/auth/fetchApi.js (ext=.js, size=833)
2026-01-29 09:47:46,298 - Knowledge - INFO - Fast-tracked /app/data/T0015/304863/b13420e/MERN_Stack_Project_Ecommerce_Hayroo-304863/client/src/components/shop/layout/index.js (ext=.js, size=509)
2026-01-29 09:47:46,396 - Knowledge - INFO - done ingest for /app/data/T0015/304863/b13420e/MERN_Stack_Project_Ecommerce_Hayroo-304863/server/controller/users.js
2026-01-29 09:47:46,396 - Knowledge - INFO - [LLM_CALL] Completed: auth.js:chunk1, Duration: 8484ms, PromptTokens: 2564, CompletionTokens: 380, Cost: $0.00041
2026-01-29 09:47:46,468 - Knowledge - INFO - Fast-tracked /app/data/T0015/304863/b13420e/MERN_Stack_Project_Ecommerce_Hayroo-304863/client/src/components/shop/home/HomeContext.js (ext=.js, size=1525)
2026-01-29 09:47:46,553 - Knowledge - INFO - Worker kw13 processing /app/data/T0015/304863/b13420e/MERN_Stack_Project_Ecommerce_Hayroo-304863/client/src/components/shop/home/Mixins.js
2026-01-29 09:47:46,635 - Knowledge - INFO - Fast-tracked /app/data/T0015/304863/b13420e/MERN_Stack_Project_Ecommerce_Hayroo-304863/client/src/components/shop/index.js (ext=.js, size=855)
2026-01-29 09:47:46,790 - Knowledge - INFO - Batch sizing: calculated=4, max_allowed=10, queue=61, active_workers=16/18
2026-01-29 09:47:46,884 - Knowledge - INFO - [kw18] Queue=57, InProgress=0, PendingWorkers=16/18, Completed=15/128 (11.7%)
2026-01-29 09:47:46,962 - Knowledge - INFO - knowledge worker kw19 start
2026-01-29 09:47:46,970 - Knowledge - INFO - Worker kw20 created using shared MongoDB connection pool
2026-01-29 09:47:47,072 - Knowledge - INFO - process ingested knowledge for /app/data/T0015/304863/b13420e/MERN_Stack_Project_Ecommerce_Hayroo-304863/server/models/products.js
2026-01-29 09:47:47,119 - Knowledge - INFO - Fast-tracked /app/data/T0015/304863/b13420e/MERN_Stack_Project_Ecommerce_Hayroo-304863/client/src/components/shop/auth/LoginSignup.js (small file (2838 bytes))
2026-01-29 09:47:47,157 - Knowledge - INFO - process ingested knowledge for /app/data/T0015/304863/b13420e/MERN_Stack_Project_Ecommerce_Hayroo-304863/server/routes/categories.js
2026-01-29 09:47:47,272 - Knowledge - INFO - process ingested knowledge for /app/data/T0015/304863/b13420e/MERN_Stack_Project_Ecommerce_Hayroo-304863/server/routes/products.js
2026-01-29 09:47:47,477 - Knowledge - INFO - Worker kw11 processing /app/data/T0015/304863/b13420e/MERN_Stack_Project_Ecommerce_Hayroo-304863/client/src/components/shop/home/style.css
2026-01-29 09:47:47,659 - Knowledge - INFO - done ingest for /app/data/T0015/304863/b13420e/MERN_Stack_Project_Ecommerce_Hayroo-304863/server/controller/auth.js
2026-01-29 09:47:47,660 - Knowledge - INFO - Worker kw15 processing /app/data/T0015/304863/b13420e/MERN_Stack_Project_Ecommerce_Hayroo-304863/client/src/components/shop/dashboardUser/Action.js
2026-01-29 09:47:47,661 - Knowledge - INFO - Worker kw16 processing /app/data/T0015/304863/b13420e/MERN_Stack_Project_Ecommerce_Hayroo-304863/client/src/components/shop/dashboardUser/UserProfile.js
2026-01-29 09:47:47,837 - Knowledge - INFO - Processing batch of 5 files
2026-01-29 09:47:47,929 - Knowledge - INFO - Fast-tracked /app/data/T0015/304863/b13420e/MERN_Stack_Project_Ecommerce_Hayroo-304863/client/src/components/shop/home/Mixins.js (ext=.js, size=1281)
2026-01-29 09:47:48,000 - Knowledge - INFO - Worker kw14 processing /app/data/T0015/304863/b13420e/MERN_Stack_Project_Ecommerce_Hayroo-304863/client/src/components/shop/dashboardUser/SettingUser.js
2026-01-29 09:47:48,072 - Knowledge - INFO - Worker kw17 processing /app/data/T0015/304863/b13420e/MERN_Stack_Project_Ecommerce_Hayroo-304863/client/src/components/shop/productDetails/style.css
2026-01-29 09:47:48,161 - Knowledge - INFO - Batch sizing: calculated=4, max_allowed=10, queue=57, active_workers=17/19
2026-01-29 09:47:48,277 - Knowledge - INFO - [kw19] Queue=53, InProgress=0, PendingWorkers=17/19, Completed=20/128 (15.6%)
2026-01-29 09:47:48,394 - Knowledge - INFO - knowledge worker kw20 start
2026-01-29 09:47:48,468 - Knowledge - INFO - process ingested knowledge for /app/data/T0015/304863/b13420e/MERN_Stack_Project_Ecommerce_Hayroo-304863/server/app.js
2026-01-29 09:47:48,695 - Knowledge - INFO - process ingested knowledge for /app/data/T0015/304863/b13420e/MERN_Stack_Project_Ecommerce_Hayroo-304863/server/routes/users.js
2026-01-29 09:47:48,777 - Knowledge - INFO - process ingested knowledge for /app/data/T0015/304863/b13420e/MERN_Stack_Project_Ecommerce_Hayroo-304863/server/config/function.js
2026-01-29 09:47:48,868 - Knowledge - INFO - Fast-tracked /app/data/T0015/304863/b13420e/MERN_Stack_Project_Ecommerce_Hayroo-304863/client/src/components/shop/home/style.css (ext=.css, size=478)
2026-01-29 09:47:49,049 - Knowledge - INFO - Worker kw15 processing /app/data/T0015/304863/b13420e/MERN_Stack_Project_Ecommerce_Hayroo-304863/client/src/components/shop/dashboardUser/Layout.js
2026-01-29 09:47:49,265 - Knowledge - INFO - Worker kw16 processing /app/data/T0015/304863/b13420e/MERN_Stack_Project_Ecommerce_Hayroo-304863/client/src/components/shop/dashboardUser/SearchFilter.js
2026-01-29 09:47:49,406 - Knowledge - INFO - process ingested knowledge for /app/data/T0015/304863/b13420e/MERN_Stack_Project_Ecommerce_Hayroo-304863/README.md
2026-01-29 09:47:49,514 - Knowledge - INFO - Worker kw13 processing /app/data/T0015/304863/b13420e/MERN_Stack_Project_Ecommerce_Hayroo-304863/client/src/components/shop/home/index.js
2026-01-29 09:47:49,667 - Knowledge - INFO - Worker kw14 processing /app/data/T0015/304863/b13420e/MERN_Stack_Project_Ecommerce_Hayroo-304863/client/src/components/shop/dashboardUser/UserOrders.js
2026-01-29 09:47:49,780 - Knowledge - INFO - Fast-tracked /app/data/T0015/304863/b13420e/MERN_Stack_Project_Ecommerce_Hayroo-304863/client/src/components/shop/productDetails/style.css (ext=.css, size=1809)
2026-01-29 09:47:49,931 - Knowledge - INFO - Worker kw18 processing /app/data/T0015/304863/b13420e/MERN_Stack_Project_Ecommerce_Hayroo-304863/client/src/components/shop/productDetails/Details.js
2026-01-29 09:47:49,989 - Knowledge - INFO - Batch sizing: calculated=4, max_allowed=10, queue=53, active_workers=18/20
2026-01-29 09:47:50,198 - Knowledge - INFO - [kw20] Queue=49, InProgress=0, PendingWorkers=18/20, Completed=20/128 (15.6%)
2026-01-29 09:47:50,604 - Knowledge - INFO - [LLM_CALL] Completed: CartModal.js:chunk1, Duration: 6129ms, PromptTokens: 4398, CompletionTokens: 336, Cost: $0.00057
2026-01-29 09:47:50,659 - Knowledge - INFO - process ingested knowledge for /app/data/T0015/304863/b13420e/MERN_Stack_Project_Ecommerce_Hayroo-304863/server/routes/auth.js
2026-01-29 09:47:50,692 - Knowledge - INFO - process ingested knowledge for /app/data/T0015/304863/b13420e/MERN_Stack_Project_Ecommerce_Hayroo-304863/server/config/db.js
2026-01-29 09:47:50,934 - Knowledge - INFO - Fast-tracked /app/data/T0015/304863/b13420e/MERN_Stack_Project_Ecommerce_Hayroo-304863/client/src/components/shop/dashboardUser/Layout.js (ext=.js, size=1020)
2026-01-29 09:47:51,046 - Knowledge - INFO - Fast-tracked /app/data/T0015/304863/b13420e/MERN_Stack_Project_Ecommerce_Hayroo-304863/client/src/components/shop/dashboardUser/SearchFilter.js (ext=.js, size=1271)
2026-01-29 09:47:51,114 - Knowledge - INFO - Fast-tracked /app/data/T0015/304863/b13420e/MERN_Stack_Project_Ecommerce_Hayroo-304863/client/src/components/shop/home/Slider.js (small file (2792 bytes))
2026-01-29 09:47:51,230 - Knowledge - INFO - process ingested knowledge for /app/data/T0015/304863/b13420e/MERN_Stack_Project_Ecommerce_Hayroo-304863/server/controller/orders.js
2026-01-29 09:47:51,307 - Knowledge - INFO - Fast-tracked /app/data/T0015/304863/b13420e/MERN_Stack_Project_Ecommerce_Hayroo-304863/client/src/components/shop/home/index.js (ext=.js, size=1029)
2026-01-29 09:47:51,532 - Knowledge - INFO - Worker kw17 processing /app/data/T0015/304863/b13420e/MERN_Stack_Project_Ecommerce_Hayroo-304863/client/src/components/shop/productDetails/Submenu.js
2026-01-29 09:47:51,704 - Knowledge - INFO - Fast-tracked /app/data/T0015/304863/b13420e/MERN_Stack_Project_Ecommerce_Hayroo-304863/client/src/components/shop/productDetails/Details.js (ext=.js, size=239)
2026-01-29 09:47:51,858 - Knowledge - INFO - Batch sizing: calculated=4, max_allowed=10, queue=49, active_workers=18/20
2026-01-29 09:47:51,949 - Knowledge - INFO - done ingest for /app/data/T0015/304863/b13420e/MERN_Stack_Project_Ecommerce_Hayroo-304863/client/src/components/shop/partials/CartModal.js
2026-01-29 09:47:51,976 - Knowledge - INFO - [LLM_CALL] Completed: CheckoutProducts.js:chunk1, Duration: 7333ms, PromptTokens: 4042, CompletionTokens: 309, Cost: $0.00053
2026-01-29 09:47:52,254 - Knowledge - INFO - Worker kw15 processing /app/data/T0015/304863/b13420e/MERN_Stack_Project_Ecommerce_Hayroo-304863/client/src/components/shop/dashboardUser/Sidebar.js
2026-01-29 09:47:52,279 - Knowledge - INFO - process ingested knowledge for /app/data/T0015/304863/b13420e/MERN_Stack_Project_Ecommerce_Hayroo-304863/server/config/uploadFolderCreateScript.js
2026-01-29 09:47:52,327 - Knowledge - INFO - Worker kw16 processing /app/data/T0015/304863/b13420e/MERN_Stack_Project_Ecommerce_Hayroo-304863/client/src/components/shop/dashboardUser/DashboardUserContext.js
2026-01-29 09:47:52,498 - Knowledge - INFO - process ingested knowledge for /app/data/T0015/304863/b13420e/MERN_Stack_Project_Ecommerce_Hayroo-304863/server/controller/customize.js
2026-01-29 09:47:52,701 - Knowledge - INFO - Fast-tracked /app/data/T0015/304863/b13420e/MERN_Stack_Project_Ecommerce_Hayroo-304863/client/src/components/shop/productDetails/Submenu.js (ext=.js, size=1503)
2026-01-29 09:47:52,772 - Knowledge - INFO - Worker kw18 processing /app/data/T0015/304863/b13420e/MERN_Stack_Project_Ecommerce_Hayroo-304863/client/src/components/shop/productDetails/Action.js
2026-01-29 09:47:53,048 - Knowledge - INFO - done ingest for /app/data/T0015/304863/b13420e/MERN_Stack_Project_Ecommerce_Hayroo-304863/client/src/components/shop/order/CheckoutProducts.js
2026-01-29 09:47:53,048 - Knowledge - INFO - [LLM_CALL] Completed: products.js:chunk1, Duration: 13362ms, PromptTokens: 5458, CompletionTokens: 682, Cost: $0.00082
2026-01-29 09:47:53,160 - Knowledge - INFO - Worker kw15 processing /app/data/T0015/304863/b13420e/MERN_Stack_Project_Ecommerce_Hayroo-304863/client/src/components/shop/dashboardUser/index.js
2026-01-29 09:47:53,382 - Knowledge - INFO - Fast-tracked /app/data/T0015/304863/b13420e/MERN_Stack_Project_Ecommerce_Hayroo-304863/client/src/components/shop/dashboardUser/DashboardUserContext.js (ext=.js, size=523)
2026-01-29 09:47:53,467 - Knowledge - INFO - process ingested knowledge for /app/data/T0015/304863/b13420e/MERN_Stack_Project_Ecommerce_Hayroo-304863/server/controller/categories.js
2026-01-29 09:47:53,604 - Knowledge - INFO - Worker kw17 processing /app/data/T0015/304863/b13420e/MERN_Stack_Project_Ecommerce_Hayroo-304863/client/src/components/shop/productDetails/ProductDetailsSectionTwo.js
2026-01-29 09:47:53,701 - Knowledge - INFO - Fast-tracked /app/data/T0015/304863/b13420e/MERN_Stack_Project_Ecommerce_Hayroo-304863/client/src/components/shop/productDetails/Action.js (ext=.js, size=1670)
2026-01-29 09:47:53,882 - Knowledge - INFO - done ingest for /app/data/T0015/304863/b13420e/MERN_Stack_Project_Ecommerce_Hayroo-304863/server/controller/products.js
2026-01-29 09:47:53,883 - Knowledge - INFO - Worker kw19 processing /app/data/T0015/304863/b13420e/MERN_Stack_Project_Ecommerce_Hayroo-304863/client/src/components/shop/productDetails/index.js
2026-01-29 09:47:53,883 - Knowledge - INFO - [LLM_CALL] Completed: Login.js:chunk1, Duration: 9142ms, PromptTokens: 2594, CompletionTokens: 246, Cost: $0.00036
2026-01-29 09:47:53,983 - Knowledge - INFO - Fast-tracked /app/data/T0015/304863/b13420e/MERN_Stack_Project_Ecommerce_Hayroo-304863/client/src/components/shop/dashboardUser/index.js (ext=.js, size=171)
2026-01-29 09:47:54,060 - Knowledge - INFO - Worker kw16 processing /app/data/T0015/304863/b13420e/MERN_Stack_Project_Ecommerce_Hayroo-304863/client/src/components/shop/dashboardUser/FetchApi.js
2026-01-29 09:47:54,152 - Knowledge - INFO - process ingested knowledge for /app/data/T0015/304863/b13420e/MERN_Stack_Project_Ecommerce_Hayroo-304863/server/controller/users.js
2026-01-29 09:47:54,282 - Knowledge - INFO - Worker kw17 processing /app/data/T0015/304863/b13420e/MERN_Stack_Project_Ecommerce_Hayroo-304863/client/src/components/shop/productDetails/ReviewForm.js
2026-01-29 09:47:54,365 - Knowledge - INFO - Worker kw18 processing /app/data/T0015/304863/b13420e/MERN_Stack_Project_Ecommerce_Hayroo-304863/client/src/components/shop/productDetails/AllReviews.js
2026-01-29 09:47:54,580 - Knowledge - INFO - Fast-tracked /app/data/T0015/304863/b13420e/MERN_Stack_Project_Ecommerce_Hayroo-304863/client/src/components/shop/productDetails/index.js (ext=.js, size=752)
2026-01-29 09:47:54,695 - Knowledge - INFO - done ingest for /app/data/T0015/304863/b13420e/MERN_Stack_Project_Ecommerce_Hayroo-304863/client/src/components/shop/auth/Login.js
2026-01-29 09:47:54,698 - Knowledge - INFO - Worker kw20 processing /app/data/T0015/304863/b13420e/MERN_Stack_Project_Ecommerce_Hayroo-304863/client/src/components/shop/wishlist/SingleWishProduct.js
2026-01-29 09:47:54,702 - Knowledge - INFO - [LLM_CALL] Completed: Navber.js:chunk1, Duration: 7042ms, PromptTokens: 9680, CompletionTokens: 233, Cost: $0.00106
2026-01-29 09:47:54,870 - Knowledge - INFO - Fast-tracked /app/data/T0015/304863/b13420e/MERN_Stack_Project_Ecommerce_Hayroo-304863/client/src/components/shop/dashboardUser/FetchApi.js (ext=.js, size=915)
2026-01-29 09:47:55,057 - Knowledge - INFO - Fast-tracked /app/data/T0015/304863/b13420e/MERN_Stack_Project_Ecommerce_Hayroo-304863/client/src/components/shop/productDetails/ProductDetailsSectionTwo.js (small file (2776 bytes))
2026-01-29 09:47:55,132 - Knowledge - INFO - Worker kw18 processing /app/data/T0015/304863/b13420e/MERN_Stack_Project_Ecommerce_Hayroo-304863/client/src/components/shop/productDetails/Mixins.js
2026-01-29 09:47:55,216 - Knowledge - INFO - Worker kw19 processing /app/data/T0015/304863/b13420e/MERN_Stack_Project_Ecommerce_Hayroo-304863/client/src/components/shop/productDetails/ProductDetailsContext.js
2026-01-29 09:47:55,396 - Knowledge - INFO - Worker kw20 processing /app/data/T0015/304863/b13420e/MERN_Stack_Project_Ecommerce_Hayroo-304863/client/src/components/shop/wishlist/index.js
2026-01-29 09:47:55,491 - Knowledge - INFO - done ingest for /app/data/T0015/304863/b13420e/MERN_Stack_Project_Ecommerce_Hayroo-304863/client/src/components/shop/partials/Navber.js
2026-01-29 09:47:55,491 - Knowledge - INFO - [kw5] Queue=41, InProgress=0, PendingWorkers=20/20, Completed=27/128 (21.1%)
2026-01-29 09:47:55,492 - Knowledge - INFO - [kw3] Queue=41, InProgress=0, PendingWorkers=20/20, Completed=27/128 (21.1%)
2026-01-29 09:47:55,492 - Knowledge - INFO - [LLM_CALL] Completed: Signup.js:chunk1, Duration: 7830ms, PromptTokens: 3214, CompletionTokens: 245, Cost: $0.00042
2026-01-29 09:47:55,867 - Knowledge - INFO - Fast-tracked /app/data/T0015/304863/b13420e/MERN_Stack_Project_Ecommerce_Hayroo-304863/client/src/components/shop/productDetails/ProductDetailsContext.js (ext=.js, size=479)
2026-01-29 09:47:55,970 - Knowledge - INFO - Fast-tracked /app/data/T0015/304863/b13420e/MERN_Stack_Project_Ecommerce_Hayroo-304863/client/src/components/shop/wishlist/index.js (ext=.js, size=278)
2026-01-29 09:47:56,120 - Knowledge - INFO - Batch sizing: calculated=4, max_allowed=10, queue=41, active_workers=20/20
2026-01-29 09:47:56,207 - Knowledge - INFO - Batch sizing: calculated=4, max_allowed=10, queue=41, active_workers=20/20
2026-01-29 09:47:56,286 - Knowledge - INFO - done ingest for /app/data/T0015/304863/b13420e/MERN_Stack_Project_Ecommerce_Hayroo-304863/client/src/components/shop/auth/Signup.js
2026-01-29 09:47:56,288 - Knowledge - INFO - Processing batch of 4 files
2026-01-29 09:47:56,289 - Knowledge - INFO - [kw1] Queue=41, InProgress=0, PendingWorkers=20/20, Completed=32/128 (25.0%)
2026-01-29 09:47:56,289 - Knowledge - INFO - [WEBSOCKET] Sent: Type=progress_update, Size: 290, Duration: 1ms
2026-01-29 09:47:56,403 - Knowledge - INFO - Worker kw19 processing /app/data/T0015/304863/b13420e/MERN_Stack_Project_Ecommerce_Hayroo-304863/client/src/components/shop/productDetails/ProductDetailsSection.js
2026-01-29 09:47:56,485 - Knowledge - INFO - Worker kw20 processing /app/data/T0015/304863/b13420e/MERN_Stack_Project_Ecommerce_Hayroo-304863/client/src/components/shop/wishlist/FetchApi.js
2026-01-29 09:47:56,825 - Knowledge - INFO - process ingested knowledge for /app/data/T0015/304863/b13420e/MERN_Stack_Project_Ecommerce_Hayroo-304863/client/src/components/shop/layout/layoutContext.js
2026-01-29 09:47:56,909 - Knowledge - INFO - Batch sizing: calculated=4, max_allowed=10, queue=41, active_workers=20/20
2026-01-29 09:47:56,996 - Knowledge - INFO - Async storing batch of 5 embeddings
2026-01-29 09:47:56,996 - Knowledge - INFO - [WEBSOCKET] Sent: Type=unknown, Size: ?, Duration: 708ms
2026-01-29 09:47:57,074 - Knowledge - INFO - Worker kw19 processing /app/data/T0015/304863/b13420e/MERN_Stack_Project_Ecommerce_Hayroo-304863/client/src/components/shop/productDetails/FetchApi.js
2026-01-29 09:47:57,162 - Knowledge - INFO - Fast-tracked /app/data/T0015/304863/b13420e/MERN_Stack_Project_Ecommerce_Hayroo-304863/client/src/components/shop/wishlist/FetchApi.js (ext=.js, size=366)
2026-01-29 09:47:57,283 - Knowledge - INFO - process ingested knowledge for /app/data/T0015/304863/b13420e/MERN_Stack_Project_Ecommerce_Hayroo-304863/client/src/components/shop/layout/PageNotFound.js
2026-01-29 09:47:57,428 - Knowledge - INFO - Worker kw3 processing /app/data/T0015/304863/b13420e/MERN_Stack_Project_Ecommerce_Hayroo-304863/client/src/components/admin/products/ProductMenu.js
2026-01-29 09:47:57,505 - Knowledge - INFO - Progress: 21.1% | Files: 36/128 | Rate: 1.08 files/sec | Queue: 29
2026-01-29 09:47:57,509 - Knowledge - INFO - Async storing batch of 5 embeddings
2026-01-29 09:47:57,510 - Knowledge - INFO - Async storing batch of 5 embeddings
2026-01-29 09:47:57,533 - Knowledge - INFO - Processing batch of 5 files
2026-01-29 09:47:57,539 - Knowledge - INFO - Processing batch of 4 files
2026-01-29 09:47:57,541 - Knowledge - INFO - Processing batch of 5 files
2026-01-29 09:47:57,542 - Knowledge - INFO - Processing batch of 4 files
2026-01-29 09:47:57,544 - Knowledge - INFO - Processing batch of 4 files
2026-01-29 09:47:57,548 - Knowledge - INFO - Processing batch of 5 files
2026-01-29 09:47:57,589 - Knowledge - INFO - Fast-tracked /app/data/T0015/304863/b13420e/MERN_Stack_Project_Ecommerce_Hayroo-304863/client/src/components/shop/productDetails/FetchApi.js (ext=.js, size=726)
2026-01-29 09:47:57,667 - Knowledge - INFO - Worker kw20 processing /app/data/T0015/304863/b13420e/MERN_Stack_Project_Ecommerce_Hayroo-304863/client/src/components/admin/partials/AdminNavber.js
2026-01-29 09:47:57,745 - Knowledge - INFO - process ingested knowledge for /app/data/T0015/304863/b13420e/MERN_Stack_Project_Ecommerce_Hayroo-304863/client/src/components/shop/layout/index.js
2026-01-29 09:47:57,827 - Knowledge - INFO - Fast-tracked /app/data/T0015/304863/b13420e/MERN_Stack_Project_Ecommerce_Hayroo-304863/client/src/components/admin/products/ProductMenu.js (ext=.js, size=1418)
2026-01-29 09:47:57,949 - Knowledge - INFO - [kw4] Queue=29, InProgress=0, PendingWorkers=20/20, Completed=51/128 (39.8%)
2026-01-29 09:47:58,033 - Knowledge - INFO - Worker kw1 processing /app/data/T0015/304863/b13420e/MERN_Stack_Project_Ecommerce_Hayroo-304863/client/src/components/admin/products/EditProductModal.js
2026-01-29 09:47:58,122 - Knowledge - INFO - Worker kw5 processing /app/data/T0015/304863/b13420e/MERN_Stack_Project_Ecommerce_Hayroo-304863/client/src/components/admin/partials/AdminSidebar.js
2026-01-29 09:47:58,205 - Knowledge - INFO - process ingested knowledge for /app/data/T0015/304863/b13420e/MERN_Stack_Project_Ecommerce_Hayroo-304863/server/config/keys.js
2026-01-29 09:47:58,282 - Knowledge - INFO - process ingested knowledge for /app/data/T0015/304863/b13420e/MERN_Stack_Project_Ecommerce_Hayroo-304863/client/src/components/shop/order/FetchApi.js
2026-01-29 09:47:58,409 - Knowledge - INFO - process ingested knowledge for /app/data/T0015/304863/b13420e/MERN_Stack_Project_Ecommerce_Hayroo-304863/server/controller/auth.js
2026-01-29 09:47:58,569 - Knowledge - INFO - process ingested knowledge for /app/data/T0015/304863/b13420e/MERN_Stack_Project_Ecommerce_Hayroo-304863/client/src/components/shop/partials/FetchApi.js
2026-01-29 09:47:58,690 - Knowledge - INFO - process ingested knowledge for /app/data/T0015/304863/b13420e/MERN_Stack_Project_Ecommerce_Hayroo-304863/client/src/components/shop/auth/CartProtectedRoute.js
2026-01-29 09:47:58,874 - Knowledge - INFO - process ingested knowledge for /app/data/T0015/304863/b13420e/MERN_Stack_Project_Ecommerce_Hayroo-304863/client/src/components/shop/partials/Footer.js
2026-01-29 09:47:59,216 - Knowledge - INFO - process ingested knowledge for /app/data/T0015/304863/b13420e/MERN_Stack_Project_Ecommerce_Hayroo-304863/client/src/components/shop/home/style.css
2026-01-29 09:47:59,297 - Knowledge - INFO - Worker kw3 processing /app/data/T0015/304863/b13420e/MERN_Stack_Project_Ecommerce_Hayroo-304863/client/src/components/admin/products/ProductContext.js
2026-01-29 09:47:59,395 - Knowledge - INFO - Batch sizing: calculated=4, max_allowed=10, queue=29, active_workers=20/20
2026-01-29 09:47:59,471 - Knowledge - INFO - [LLM_CALL] Completed: ProductCategory.js:chunk1, Duration: 11669ms, PromptTokens: 2514, CompletionTokens: 246, Cost: $0.00035
2026-01-29 09:47:59,478 - Knowledge - INFO - Worker kw1 processing /app/data/T0015/304863/b13420e/MERN_Stack_Project_Ecommerce_Hayroo-304863/client/src/components/admin/categories/EditCategoryModal.js
2026-01-29 09:47:59,553 - Knowledge - INFO - Worker kw5 processing /app/data/T0015/304863/b13420e/MERN_Stack_Project_Ecommerce_Hayroo-304863/client/src/components/admin/partials/AdminFooter.js
2026-01-29 09:47:59,628 - Knowledge - INFO - process ingested knowledge for /app/data/T0015/304863/b13420e/MERN_Stack_Project_Ecommerce_Hayroo-304863/server/middleware/auth.js
2026-01-29 09:47:59,740 - Knowledge - INFO - process ingested knowledge for /app/data/T0015/304863/b13420e/MERN_Stack_Project_Ecommerce_Hayroo-304863/client/src/components/shop/auth/ProtectedRoute.js
2026-01-29 09:47:59,825 - Knowledge - INFO - process ingested knowledge for /app/data/T0015/304863/b13420e/MERN_Stack_Project_Ecommerce_Hayroo-304863/server/controller/braintree.js
2026-01-29 09:47:59,943 - Knowledge - INFO - process ingested knowledge for /app/data/T0015/304863/b13420e/MERN_Stack_Project_Ecommerce_Hayroo-304863/client/src/components/shop/order/CheckoutPage.js
2026-01-29 09:48:00,060 - Knowledge - INFO - process ingested knowledge for /app/data/T0015/304863/b13420e/MERN_Stack_Project_Ecommerce_Hayroo-304863/client/src/components/shop/auth/Signup.js
2026-01-29 09:48:00,148 - Knowledge - INFO - process ingested knowledge for /app/data/T0015/304863/b13420e/MERN_Stack_Project_Ecommerce_Hayroo-304863/client/src/components/shop/partials/Action.js
2026-01-29 09:48:00,311 - Knowledge - INFO - Fast-tracked /app/data/T0015/304863/b13420e/MERN_Stack_Project_Ecommerce_Hayroo-304863/client/src/components/admin/products/ProductContext.js (ext=.js, size=1575)
2026-01-29 09:48:00,488 - Knowledge - INFO - done ingest for /app/data/T0015/304863/b13420e/MERN_Stack_Project_Ecommerce_Hayroo-304863/client/src/components/shop/home/ProductCategory.js
2026-01-29 09:48:00,488 - Knowledge - INFO - Async storing batch of 5 embeddings
2026-01-29 09:48:00,574 - Knowledge - INFO - [WEBSOCKET] Sent: Type=progress_update, Size: 291, Duration: 0ms
2026-01-29 09:48:00,611 - Knowledge - INFO - Worker kw1 processing /app/data/T0015/304863/b13420e/MERN_Stack_Project_Ecommerce_Hayroo-304863/client/src/components/admin/categories/AllCategories.js
2026-01-29 09:48:00,687 - Knowledge - INFO - Fast-tracked /app/data/T0015/304863/b13420e/MERN_Stack_Project_Ecommerce_Hayroo-304863/client/src/components/admin/partials/AdminFooter.js (ext=.js, size=410)
2026-01-29 09:48:00,765 - Knowledge - INFO - process ingested knowledge for /app/data/T0015/304863/b13420e/MERN_Stack_Project_Ecommerce_Hayroo-304863/client/src/App.js
2026-01-29 09:48:00,855 - Knowledge - INFO - process ingested knowledge for /app/data/T0015/304863/b13420e/MERN_Stack_Project_Ecommerce_Hayroo-304863/client/src/components/shop/auth/Login.js
2026-01-29 09:48:00,979 - Knowledge - INFO - process ingested knowledge for /app/data/T0015/304863/b13420e/MERN_Stack_Project_Ecommerce_Hayroo-304863/server/controller/products.js
2026-01-29 09:48:01,091 - Knowledge - INFO - process ingested knowledge for /app/data/T0015/304863/b13420e/MERN_Stack_Project_Ecommerce_Hayroo-304863/client/src/components/shop/order/Action.js
2026-01-29 09:48:01,200 - Knowledge - INFO - process ingested knowledge for /app/data/T0015/304863/b13420e/MERN_Stack_Project_Ecommerce_Hayroo-304863/client/src/components/shop/auth/AdminProtectedRoute.js
2026-01-29 09:48:01,275 - Knowledge - INFO - process ingested knowledge for /app/data/T0015/304863/b13420e/MERN_Stack_Project_Ecommerce_Hayroo-304863/client/src/components/shop/partials/Navber.js
2026-01-29 09:48:01,372 - Knowledge - INFO - Worker kw3 processing /app/data/T0015/304863/b13420e/MERN_Stack_Project_Ecommerce_Hayroo-304863/client/src/components/admin/products/index.js
2026-01-29 09:48:01,592 - Knowledge - INFO - Worker kw4 processing /app/data/T0015/304863/b13420e/MERN_Stack_Project_Ecommerce_Hayroo-304863/client/src/components/admin/categories/CategoryMenu.js
2026-01-29 09:48:01,680 - Knowledge - INFO - [LLM_CALL] Completed: SingleProduct.js:chunk1, Duration: 6985ms, PromptTokens: 4028, CompletionTokens: 293, Cost: $0.00052
2026-01-29 09:48:01,760 - Knowledge - INFO - Worker kw1 processing /app/data/T0015/304863/b13420e/MERN_Stack_Project_Ecommerce_Hayroo-304863/client/src/components/admin/categories/CategoryContext.js
2026-01-29 09:48:01,838 - Knowledge - INFO - Worker kw5 processing /app/data/T0015/304863/b13420e/MERN_Stack_Project_Ecommerce_Hayroo-304863/client/src/components/admin/products/ProductTable.js
2026-01-29 09:48:01,926 - Knowledge - INFO - process ingested knowledge for /app/data/T0015/304863/b13420e/MERN_Stack_Project_Ecommerce_Hayroo-304863/client/src/components/shop/partials/style.css
2026-01-29 09:48:02,004 - Knowledge - INFO - process ingested knowledge for /app/data/T0015/304863/b13420e/MERN_Stack_Project_Ecommerce_Hayroo-304863/client/src/components/shop/auth/LoginSignup.js
2026-01-29 09:48:02,095 - Knowledge - INFO - process ingested knowledge for /app/data/T0015/304863/b13420e/MERN_Stack_Project_Ecommerce_Hayroo-304863/server/package.json
2026-01-29 09:48:02,150 - Knowledge - INFO - Fast-tracked /app/data/T0015/304863/b13420e/MERN_Stack_Project_Ecommerce_Hayroo-304863/client/src/components/shop/productDetails/Mixins.js (small file (2071 bytes))
2026-01-29 09:48:02,226 - Knowledge - INFO - process ingested knowledge for /app/data/T0015/304863/b13420e/MERN_Stack_Project_Ecommerce_Hayroo-304863/client/src/components/shop/order/CheckoutProducts.js
2026-01-29 09:48:02,321 - Knowledge - INFO - process ingested knowledge for /app/data/T0015/304863/b13420e/MERN_Stack_Project_Ecommerce_Hayroo-304863/client/src/components/shop/auth/fetchApi.js
2026-01-29 09:48:02,391 - Knowledge - INFO - process ingested knowledge for /app/data/T0015/304863/b13420e/MERN_Stack_Project_Ecommerce_Hayroo-304863/client/src/components/shop/partials/Mixins.js
2026-01-29 09:48:02,482 - Knowledge - INFO - Fast-tracked /app/data/T0015/304863/b13420e/MERN_Stack_Project_Ecommerce_Hayroo-304863/client/src/components/admin/products/index.js (ext=.js, size=918)
2026-01-29 09:48:02,565 - Knowledge - INFO - Fast-tracked /app/data/T0015/304863/b13420e/MERN_Stack_Project_Ecommerce_Hayroo-304863/client/src/components/admin/categories/CategoryMenu.js (ext=.js, size=1477)
2026-01-29 09:48:02,641 - Knowledge - INFO - done ingest for /app/data/T0015/304863/b13420e/MERN_Stack_Project_Ecommerce_Hayroo-304863/client/src/components/shop/home/SingleProduct.js
2026-01-29 09:48:02,641 - Knowledge - INFO - [WEBSOCKET] Sent: Type=unknown, Size: ?, Duration: 2067ms
2026-01-29 09:48:02,723 - Knowledge - INFO - Fast-tracked /app/data/T0015/304863/b13420e/MERN_Stack_Project_Ecommerce_Hayroo-304863/client/src/components/admin/categories/CategoryContext.js (ext=.js, size=1141)
2026-01-29 09:48:02,856 - Knowledge - INFO - Worker kw5 processing /app/data/T0015/304863/b13420e/MERN_Stack_Project_Ecommerce_Hayroo-304863/client/src/components/admin/products/AddProductModal.js
2026-01-29 09:48:02,930 - Knowledge - INFO - process ingested knowledge for /app/data/T0015/304863/b13420e/MERN_Stack_Project_Ecommerce_Hayroo-304863/client/src/components/shop/partials/CartModal.js
2026-01-29 09:48:03,091 - Knowledge - INFO - process ingested knowledge for /app/data/T0015/304863/b13420e/MERN_Stack_Project_Ecommerce_Hayroo-304863/server/models/orders.js
2026-01-29 09:48:03,640 - Knowledge - INFO - Worker kw3 processing /app/data/T0015/304863/b13420e/MERN_Stack_Project_Ecommerce_Hayroo-304863/client/src/components/admin/products/FetchApi.js
2026-01-29 09:48:03,696 - Knowledge - INFO - process ingested knowledge for /app/data/T0015/304863/b13420e/MERN_Stack_Project_Ecommerce_Hayroo-304863/client/src/components/shop/partials/index.js
2026-01-29 09:48:03,729 - Knowledge - INFO - Worker kw4 processing /app/data/T0015/304863/b13420e/MERN_Stack_Project_Ecommerce_Hayroo-304863/client/src/components/admin/categories/index.js
2026-01-29 09:48:03,902 - Knowledge - INFO - Progress: 39.8% | Files: 51/128 | Rate: 1.33 files/sec | Queue: 25
2026-01-29 09:48:03,911 - Knowledge - INFO - [LLM_CALL] Completed: ProductByCategory.js:chunk1, Duration: 9215ms, PromptTokens: 3698, CompletionTokens: 284, Cost: $0.00048
2026-01-29 09:48:04,168 - Knowledge - INFO - Async storage completed for 5 embeddings
2026-01-29 09:48:04,522 - Knowledge - INFO - Async storage completed for 5 embeddings
2026-01-29 09:48:04,740 - Knowledge - INFO - Fast-tracked /app/data/T0015/304863/b13420e/MERN_Stack_Project_Ecommerce_Hayroo-304863/client/src/components/admin/categories/index.js (ext=.js, size=873)
2026-01-29 09:48:04,975 - Knowledge - INFO - done ingest for /app/data/T0015/304863/b13420e/MERN_Stack_Project_Ecommerce_Hayroo-304863/client/src/components/shop/home/ProductByCategory.js
2026-01-29 09:48:05,149 - Knowledge - INFO - [LLM_CALL] Completed: UserProfile.js:chunk1, Duration: 8862ms, PromptTokens: 2758, CompletionTokens: 210, Cost: $0.00036
2026-01-29 09:48:05,367 - Knowledge - INFO - Fast-tracked /app/data/T0015/304863/b13420e/MERN_Stack_Project_Ecommerce_Hayroo-304863/client/src/components/admin/products/FetchApi.js (small file (2956 bytes))
2026-01-29 09:48:05,440 - Knowledge - INFO - [kw11] Queue=25, InProgress=0, PendingWorkers=20/20, Completed=52/128 (40.6%)
2026-01-29 09:48:05,450 - Knowledge - INFO - Worker kw4 processing /app/data/T0015/304863/b13420e/MERN_Stack_Project_Ecommerce_Hayroo-304863/client/src/components/admin/categories/AddCategoryModal.js
2026-01-29 09:48:05,711 - Knowledge - INFO - [kw9] Queue=25, InProgress=0, PendingWorkers=20/20, Completed=52/128 (40.6%)
2026-01-29 09:48:05,760 - Knowledge - INFO - done ingest for /app/data/T0015/304863/b13420e/MERN_Stack_Project_Ecommerce_Hayroo-304863/client/src/components/shop/dashboardUser/UserProfile.js
2026-01-29 09:48:05,832 - Knowledge - INFO - [LLM_CALL] Completed: ReviewForm.js:chunk1, Duration: 9544ms, PromptTokens: 3040, CompletionTokens: 255, Cost: $0.00041
2026-01-29 09:48:05,987 - Knowledge - INFO - Batch sizing: calculated=4, max_allowed=10, queue=25, active_workers=20/20
2026-01-29 09:48:06,089 - Knowledge - INFO - [kw8] Queue=25, InProgress=0, PendingWorkers=20/20, Completed=53/128 (41.4%)
2026-01-29 09:48:06,102 - Knowledge - INFO - Worker kw4 processing /app/data/T0015/304863/b13420e/MERN_Stack_Project_Ecommerce_Hayroo-304863/client/src/components/admin/categories/FetchApi.js
2026-01-29 09:48:06,227 - Knowledge - INFO - Batch sizing: calculated=4, max_allowed=10, queue=25, active_workers=20/20
2026-01-29 09:48:06,425 - Knowledge - INFO - done ingest for /app/data/T0015/304863/b13420e/MERN_Stack_Project_Ecommerce_Hayroo-304863/client/src/components/shop/productDetails/ReviewForm.js
2026-01-29 09:48:06,465 - Knowledge - INFO - [LLM_CALL] Completed: AllReviews.js:chunk1, Duration: 10177ms, PromptTokens: 4138, CompletionTokens: 273, Cost: $0.00052
2026-01-29 09:48:06,642 - Knowledge - INFO - Batch sizing: calculated=4, max_allowed=10, queue=25, active_workers=20/20
2026-01-29 09:48:06,773 - Knowledge - INFO - Fast-tracked /app/data/T0015/304863/b13420e/MERN_Stack_Project_Ecommerce_Hayroo-304863/client/src/components/admin/categories/FetchApi.js (ext=.js, size=1551)
2026-01-29 09:48:07,046 - Knowledge - INFO - done ingest for /app/data/T0015/304863/b13420e/MERN_Stack_Project_Ecommerce_Hayroo-304863/client/src/components/shop/productDetails/AllReviews.js
2026-01-29 09:48:07,125 - Knowledge - INFO - [WEBSOCKET] Sent: Type=progress_update, Size: 291, Duration: 58ms
2026-01-29 09:48:07,289 - Knowledge - INFO - Async storage completed for 5 embeddings
2026-01-29 09:48:07,557 - Knowledge - INFO - Async storing batch of 4 embeddings
2026-01-29 09:48:07,558 - Knowledge - INFO - Async storing batch of 4 embeddings
2026-01-29 09:48:07,558 - Knowledge - INFO - [WEBSOCKET] Sent: Type=unknown, Size: ?, Duration: 491ms
2026-01-29 09:48:07,776 - Knowledge - INFO - Worker kw11 processing /app/data/T0015/304863/b13420e/MERN_Stack_Project_Ecommerce_Hayroo-304863/client/src/components/admin/layout/index.js
2026-01-29 09:48:07,949 - Knowledge - INFO - Worker kw9 processing /app/data/T0015/304863/b13420e/MERN_Stack_Project_Ecommerce_Hayroo-304863/client/src/components/admin/dashboardAdmin/Action.js
2026-01-29 09:48:08,096 - Knowledge - INFO - Progress: 43.0% | Files: 60/128 | Rate: 1.38 files/sec | Queue: 13
2026-01-29 09:48:08,175 - Knowledge - INFO - Async storing batch of 4 embeddings
2026-01-29 09:48:08,275 - Knowledge - INFO - Fast-tracked /app/data/T0015/304863/b13420e/MERN_Stack_Project_Ecommerce_Hayroo-304863/client/src/components/admin/layout/index.js (ext=.js, size=581)
2026-01-29 09:48:08,457 - Knowledge - INFO - Fast-tracked /app/data/T0015/304863/b13420e/MERN_Stack_Project_Ecommerce_Hayroo-304863/client/src/components/admin/dashboardAdmin/Action.js (ext=.js, size=1737)
2026-01-29 09:48:08,736 - Knowledge - INFO - Worker kw8 processing /app/data/T0015/304863/b13420e/MERN_Stack_Project_Ecommerce_Hayroo-304863/client/src/components/admin/index.js
2026-01-29 09:48:08,869 - Knowledge - INFO - [kw10] Queue=13, InProgress=0, PendingWorkers=20/20, Completed=68/128 (53.1%)
2026-01-29 09:48:08,878 - Knowledge - INFO - [kw6] Queue=13, InProgress=0, PendingWorkers=20/20, Completed=68/128 (53.1%)
2026-01-29 09:48:08,878 - Knowledge - INFO - Worker kw11 processing /app/data/T0015/304863/b13420e/MERN_Stack_Project_Ecommerce_Hayroo-304863/client/src/components/admin/dashboardAdmin/DashboardContext.js
2026-01-29 09:48:08,887 - Knowledge - INFO - [kw2] Queue=13, InProgress=0, PendingWorkers=20/20, Completed=68/128 (53.1%)
2026-01-29 09:48:08,909 - Knowledge - INFO - [WEBSOCKET] Sent: Type=progress_update, Size: 289, Duration: 0ms
2026-01-29 09:48:09,025 - Knowledge - INFO - Worker kw9 processing /app/data/T0015/304863/b13420e/MERN_Stack_Project_Ecommerce_Hayroo-304863/client/src/components/admin/dashboardAdmin/DashboardCard.js
2026-01-29 09:48:09,186 - Knowledge - INFO - Fast-tracked /app/data/T0015/304863/b13420e/MERN_Stack_Project_Ecommerce_Hayroo-304863/client/src/components/admin/index.js (ext=.js, size=210)
2026-01-29 09:48:09,285 - Knowledge - INFO - Batch sizing: calculated=4, max_allowed=10, queue=13, active_workers=20/20
2026-01-29 09:48:09,477 - Knowledge - INFO - Batch sizing: calculated=4, max_allowed=10, queue=13, active_workers=20/20
2026-01-29 09:48:09,625 - Knowledge - INFO - Fast-tracked /app/data/T0015/304863/b13420e/MERN_Stack_Project_Ecommerce_Hayroo-304863/client/src/components/admin/dashboardAdmin/DashboardContext.js (ext=.js, size=778)
2026-01-29 09:48:09,717 - Knowledge - INFO - Batch sizing: calculated=4, max_allowed=10, queue=13, active_workers=20/20
2026-01-29 09:48:09,799 - Knowledge - INFO - Processing batch of 4 files
2026-01-29 09:48:09,799 - Knowledge - INFO - [LLM_CALL] Completed: ProductDetailsSection.js:chunk1, Duration: 10809ms, PromptTokens: 8726, CompletionTokens: 384, Cost: $0.00103
2026-01-29 09:48:09,886 - Knowledge - INFO - Worker kw9 processing /app/data/T0015/304863/b13420e/MERN_Stack_Project_Ecommerce_Hayroo-304863/client/src/components/admin/dashboardAdmin/index.js
2026-01-29 09:48:09,971 - Knowledge - INFO - Worker kw8 processing /app/data/T0015/304863/b13420e/MERN_Stack_Project_Ecommerce_Hayroo-304863/client/src/components/admin/orders/OrderMenu.js
2026-01-29 09:48:10,333 - Knowledge - INFO - Worker kw11 processing /app/data/T0015/304863/b13420e/MERN_Stack_Project_Ecommerce_Hayroo-304863/client/src/components/admin/dashboardAdmin/TodaySell.js
2026-01-29 09:48:10,625 - Knowledge - INFO - process ingested knowledge for /app/data/T0015/304863/b13420e/MERN_Stack_Project_Ecommerce_Hayroo-304863/client/src/components/admin/products/ProductMenu.js
2026-01-29 09:48:10,676 - Knowledge - INFO - done ingest for /app/data/T0015/304863/b13420e/MERN_Stack_Project_Ecommerce_Hayroo-304863/client/src/components/shop/productDetails/ProductDetailsSection.js
2026-01-29 09:48:10,676 - Knowledge - INFO - Processing batch of 4 files
2026-01-29 09:48:10,676 - Knowledge - INFO - Processing batch of 4 files
2026-01-29 09:48:10,677 - Knowledge - INFO - Async storing batch of 4 embeddings
2026-01-29 09:48:10,678 - Knowledge - INFO - Async storing batch of 5 embeddings
2026-01-29 09:48:10,678 - Knowledge - INFO - [LLM_CALL] Completed: Sidebar.js:chunk1, Duration: 6775ms, PromptTokens: 2394, CompletionTokens: 212, Cost: $0.00032
2026-01-29 09:48:10,824 - Knowledge - INFO - Fast-tracked /app/data/T0015/304863/b13420e/MERN_Stack_Project_Ecommerce_Hayroo-304863/client/src/components/admin/dashboardAdmin/index.js (ext=.js, size=841)
2026-01-29 09:48:10,952 - Knowledge - INFO - Worker kw8 processing /app/data/T0015/304863/b13420e/MERN_Stack_Project_Ecommerce_Hayroo-304863/client/src/components/admin/orders/Actions.js
2026-01-29 09:48:11,050 - Knowledge - INFO - Worker kw11 processing /app/data/T0015/304863/b13420e/MERN_Stack_Project_Ecommerce_Hayroo-304863/client/src/components/admin/dashboardAdmin/Customize.js
2026-01-29 09:48:11,133 - Knowledge - INFO - process ingested knowledge for /app/data/T0015/304863/b13420e/MERN_Stack_Project_Ecommerce_Hayroo-304863/client/src/components/admin/products/ProductContext.js
2026-01-29 09:48:11,301 - Knowledge - INFO - process ingested knowledge for /app/data/T0015/304863/b13420e/MERN_Stack_Project_Ecommerce_Hayroo-304863/client/src/components/shop/home/OrderSuccessMessage.js
2026-01-29 09:48:11,383 - Knowledge - INFO - process ingested knowledge for /app/data/T0015/304863/b13420e/MERN_Stack_Project_Ecommerce_Hayroo-304863/client/src/components/shop/home/ProductCategory.js
2026-01-29 09:48:11,501 - Knowledge - INFO - Worker kw10 processing /app/data/T0015/304863/b13420e/MERN_Stack_Project_Ecommerce_Hayroo-304863/client/src/components/admin/orders/AllOrders.js
2026-01-29 09:48:11,585 - Knowledge - INFO - Worker kw6 processing /app/data/T0015/304863/b13420e/MERN_Stack_Project_Ecommerce_Hayroo-304863/client/src/components/admin/orders/AddCategoryModal.js
2026-01-29 09:48:11,683 - Knowledge - INFO - done ingest for /app/data/T0015/304863/b13420e/MERN_Stack_Project_Ecommerce_Hayroo-304863/client/src/components/shop/dashboardUser/Sidebar.js
2026-01-29 09:48:11,685 - Knowledge - INFO - Async storing batch of 5 embeddings
2026-01-29 09:48:11,685 - Knowledge - INFO - [LLM_CALL] Completed: SettingUser.js:chunk1, Duration: 16987ms, PromptTokens: 4130, CompletionTokens: 232, Cost: $0.00051
2026-01-29 09:48:11,791 - Knowledge - INFO - Worker kw9 processing /app/data/T0015/304863/b13420e/MERN_Stack_Project_Ecommerce_Hayroo-304863/client/src/components/admin/dashboardAdmin/FetchApi.js
2026-01-29 09:48:11,889 - Knowledge - INFO - Worker kw8 processing /app/data/T0015/304863/b13420e/MERN_Stack_Project_Ecommerce_Hayroo-304863/client/src/components/admin/orders/OrderContext.js
2026-01-29 09:48:12,017 - Knowledge - INFO - Async storage completed for 4 embeddings
2026-01-29 09:48:12,092 - Knowledge - INFO - process ingested knowledge for /app/data/T0015/304863/b13420e/MERN_Stack_Project_Ecommerce_Hayroo-304863/client/src/components/admin/products/index.js
2026-01-29 09:48:12,463 - Knowledge - INFO - process ingested knowledge for /app/data/T0015/304863/b13420e/MERN_Stack_Project_Ecommerce_Hayroo-304863/client/src/components/shop/home/ProductByCategory.js
2026-01-29 09:48:12,565 - Knowledge - INFO - process ingested knowledge for /app/data/T0015/304863/b13420e/MERN_Stack_Project_Ecommerce_Hayroo-304863/client/src/components/shop/home/Slider.js
2026-01-29 09:48:12,663 - Knowledge - INFO - Worker kw10 processing /app/data/T0015/304863/b13420e/MERN_Stack_Project_Ecommerce_Hayroo-304863/client/src/components/admin/orders/index.js
2026-01-29 09:48:12,796 - Knowledge - INFO - Worker kw6 processing /app/data/T0015/304863/b13420e/MERN_Stack_Project_Ecommerce_Hayroo-304863/client/src/components/admin/orders/FetchApi.js
2026-01-29 09:48:13,026 - Knowledge - INFO - Worker kw2 processing /app/data/T0015/304863/b13420e/MERN_Stack_Project_Ecommerce_Hayroo-304863/client/src/index.js
2026-01-29 09:48:13,227 - Knowledge - INFO - done ingest for /app/data/T0015/304863/b13420e/MERN_Stack_Project_Ecommerce_Hayroo-304863/client/src/components/shop/dashboardUser/SettingUser.js
2026-01-29 09:48:13,235 - Knowledge - INFO - [WEBSOCKET] Sent: Type=unknown, Size: ?, Duration: 4326ms
2026-01-29 09:48:13,394 - Knowledge - INFO - Fast-tracked /app/data/T0015/304863/b13420e/MERN_Stack_Project_Ecommerce_Hayroo-304863/client/src/components/admin/dashboardAdmin/FetchApi.js (ext=.js, size=936)
2026-01-29 09:48:13,498 - Knowledge - INFO - Fast-tracked /app/data/T0015/304863/b13420e/MERN_Stack_Project_Ecommerce_Hayroo-304863/client/src/components/admin/orders/OrderContext.js (ext=.js, size=1060)
2026-01-29 09:48:13,716 - Knowledge - INFO - process ingested knowledge for /app/data/T0015/304863/b13420e/MERN_Stack_Project_Ecommerce_Hayroo-304863/client/src/components/admin/products/FetchApi.js
2026-01-29 09:48:13,813 - Knowledge - INFO - process ingested knowledge for /app/data/T0015/304863/b13420e/MERN_Stack_Project_Ecommerce_Hayroo-304863/client/src/components/shop/home/Mixins.js
2026-01-29 09:48:13,911 - Knowledge - INFO - process ingested knowledge for /app/data/T0015/304863/b13420e/MERN_Stack_Project_Ecommerce_Hayroo-304863/client/src/components/shop/home/SingleProduct.js
2026-01-29 09:48:14,000 - Knowledge - INFO - Fast-tracked /app/data/T0015/304863/b13420e/MERN_Stack_Project_Ecommerce_Hayroo-304863/client/src/components/admin/orders/index.js (ext=.js, size=810)
2026-01-29 09:48:14,125 - Knowledge - INFO - Fast-tracked /app/data/T0015/304863/b13420e/MERN_Stack_Project_Ecommerce_Hayroo-304863/client/src/components/admin/orders/FetchApi.js (ext=.js, size=762)
2026-01-29 09:48:14,210 - Knowledge - INFO - Fast-tracked /app/data/T0015/304863/b13420e/MERN_Stack_Project_Ecommerce_Hayroo-304863/client/src/index.js (ext=.js, size=375)
2026-01-29 09:48:14,455 - Knowledge - INFO - Progress: 55.5% | Files: 76/128 | Rate: 1.63 files/sec | Queue: 1
2026-01-29 09:48:14,465 - Knowledge - INFO - Processing batch of 4 files
2026-01-29 09:48:14,485 - Knowledge - INFO - [LLM_CALL] Completed: AdminNavber.js:chunk1, Duration: 9461ms, PromptTokens: 5126, CompletionTokens: 200, Cost: $0.00059
2026-01-29 09:48:14,872 - Knowledge - INFO - process ingested knowledge for /app/data/T0015/304863/b13420e/MERN_Stack_Project_Ecommerce_Hayroo-304863/client/src/components/shop/home/index.js
2026-01-29 09:48:14,963 - Knowledge - INFO - process ingested knowledge for /app/data/T0015/304863/b13420e/MERN_Stack_Project_Ecommerce_Hayroo-304863/client/src/components/shop/home/HomeContext.js
2026-01-29 09:48:15,037 - Knowledge - INFO - Worker kw10 processing /app/data/T0015/304863/b13420e/MERN_Stack_Project_Ecommerce_Hayroo-304863/client/src/components/admin/orders/SearchFilter.js
2026-01-29 09:48:15,115 - Knowledge - INFO - Worker kw6 processing /app/data/T0015/304863/b13420e/MERN_Stack_Project_Ecommerce_Hayroo-304863/client/src/components/index.js
2026-01-29 09:48:15,202 - Knowledge - INFO - Worker kw2 processing /app/data/T0015/304863/b13420e/MERN_Stack_Project_Ecommerce_Hayroo-304863/client/package.json
2026-01-29 09:48:15,335 - Knowledge - INFO - [kw7] Queue=1, InProgress=0, PendingWorkers=20/20, Completed=76/128 (59.4%)
2026-01-29 09:48:15,412 - Knowledge - INFO - process ingested knowledge for /app/data/T0015/304863/b13420e/MERN_Stack_Project_Ecommerce_Hayroo-304863/client/src/components/shop/dashboardUser/UserProfile.js
2026-01-29 09:48:15,506 - Knowledge - INFO - done ingest for /app/data/T0015/304863/b13420e/MERN_Stack_Project_Ecommerce_Hayroo-304863/client/src/components/admin/partials/AdminNavber.js
2026-01-29 09:48:15,507 - Knowledge - INFO - [LLM_CALL] Completed: Action.js:chunk1, Duration: 19220ms, PromptTokens: 2392, CompletionTokens: 365, Cost: $0.00039
2026-01-29 09:48:15,770 - Knowledge - INFO - Fast-tracked /app/data/T0015/304863/b13420e/MERN_Stack_Project_Ecommerce_Hayroo-304863/client/src/components/admin/orders/SearchFilter.js (ext=.js, size=952)
2026-01-29 09:48:15,874 - Knowledge - INFO - Worker kw6 processing /app/data/T0015/304863/b13420e/MERN_Stack_Project_Ecommerce_Hayroo-304863/client/src/serviceWorker.js
2026-01-29 09:48:15,958 - Knowledge - INFO - Fast-tracked /app/data/T0015/304863/b13420e/MERN_Stack_Project_Ecommerce_Hayroo-304863/client/package.json (ext=.json, size=924)
2026-01-29 09:48:16,039 - Knowledge - INFO - Batch sizing: calculated=1, max_allowed=10, queue=1, active_workers=20/20
2026-01-29 09:48:16,398 - Knowledge - INFO - done ingest for /app/data/T0015/304863/b13420e/MERN_Stack_Project_Ecommerce_Hayroo-304863/client/src/components/shop/dashboardUser/Action.js
2026-01-29 09:48:16,407 - Knowledge - INFO - Processing batch of 4 files
2026-01-29 09:48:16,420 - Knowledge - INFO - [LLM_CALL] Completed: UserOrders.js:chunk1, Duration: 18911ms, PromptTokens: 3600, CompletionTokens: 298, Cost: $0.00048
2026-01-29 09:48:16,482 - Knowledge - INFO - process ingested knowledge for /app/data/T0015/304863/b13420e/MERN_Stack_Project_Ecommerce_Hayroo-304863/client/src/components/shop/dashboardUser/SearchFilter.js
2026-01-29 09:48:16,545 - Knowledge - INFO - Worker kw10 processing /app/data/T0015/304863/b13420e/MERN_Stack_Project_Ecommerce_Hayroo-304863/client/src/components/admin/orders/UpdateOrderModal.js
2026-01-29 09:48:16,755 - Knowledge - INFO - Worker kw2 processing /app/data/T0015/304863/b13420e/MERN_Stack_Project_Ecommerce_Hayroo-304863/client/README.md
2026-01-29 09:48:17,018 - Knowledge - INFO - process ingested knowledge for /app/data/T0015/304863/b13420e/MERN_Stack_Project_Ecommerce_Hayroo-304863/client/src/components/shop/productDetails/Details.js
2026-01-29 09:48:17,107 - Knowledge - INFO - done ingest for /app/data/T0015/304863/b13420e/MERN_Stack_Project_Ecommerce_Hayroo-304863/client/src/components/shop/dashboardUser/UserOrders.js
2026-01-29 09:48:17,107 - Knowledge - INFO - Processing batch of 4 files
2026-01-29 09:48:17,107 - Knowledge - INFO - [LLM_CALL] Completed: SingleWishProduct.js:chunk1, Duration: 17947ms, PromptTokens: 2964, CompletionTokens: 307, Cost: $0.00042
2026-01-29 09:48:17,228 - Knowledge - INFO - process ingested knowledge for /app/data/T0015/304863/b13420e/MERN_Stack_Project_Ecommerce_Hayroo-304863/client/src/components/shop/dashboardUser/DashboardUserContext.js
2026-01-29 09:48:17,400 - Knowledge - INFO - Fast-tracked /app/data/T0015/304863/b13420e/MERN_Stack_Project_Ecommerce_Hayroo-304863/client/README.md (ext=.md, size=2891)
2026-01-29 09:48:17,473 - Knowledge - INFO - process ingested knowledge for /app/data/T0015/304863/b13420e/MERN_Stack_Project_Ecommerce_Hayroo-304863/client/src/components/shop/productDetails/Action.js
2026-01-29 09:48:17,762 - Knowledge - INFO - process ingested knowledge for /app/data/T0015/304863/b13420e/MERN_Stack_Project_Ecommerce_Hayroo-304863/client/src/components/shop/productDetails/style.css
2026-01-29 09:48:17,955 - Knowledge - INFO - done ingest for /app/data/T0015/304863/b13420e/MERN_Stack_Project_Ecommerce_Hayroo-304863/client/src/components/shop/wishlist/SingleWishProduct.js
2026-01-29 09:48:17,995 - Knowledge - INFO - Async storing batch of 5 embeddings
2026-01-29 09:48:18,028 - Knowledge - INFO - [WEBSOCKET] Sent: Type=progress_update, Size: 271, Duration: 6ms
2026-01-29 09:48:18,041 - Knowledge - INFO - process ingested knowledge for /app/data/T0015/304863/b13420e/MERN_Stack_Project_Ecommerce_Hayroo-304863/client/src/components/shop/dashboardUser/FetchApi.js
2026-01-29 09:48:18,151 - Knowledge - INFO - Worker kw2 processing /app/data/T0015/304863/b13420e/MERN_Stack_Project_Ecommerce_Hayroo-304863/client/public/style.css
2026-01-29 09:48:18,309 - Knowledge - INFO - process ingested knowledge for /app/data/T0015/304863/b13420e/MERN_Stack_Project_Ecommerce_Hayroo-304863/client/src/components/shop/productDetails/AllReviews.js
2026-01-29 09:48:18,417 - Knowledge - INFO - process ingested knowledge for /app/data/T0015/304863/b13420e/MERN_Stack_Project_Ecommerce_Hayroo-304863/client/src/components/shop/productDetails/Submenu.js
2026-01-29 09:48:18,522 - Knowledge - INFO - Async storage completed for 5 embeddings
2026-01-29 09:48:18,584 - Knowledge - INFO - Worker kw7 processing /app/data/T0015/304863/b13420e/MERN_Stack_Project_Ecommerce_Hayroo-304863/client/public/index.html
2026-01-29 09:48:18,696 - Knowledge - INFO - [LLM_CALL] Completed: ProductCategoryDropdown.js:chunk1, Duration: 26722ms, PromptTokens: 3950, CompletionTokens: 367, Cost: $0.00054
2026-01-29 09:48:18,902 - Knowledge - INFO - Fast-tracked /app/data/T0015/304863/b13420e/MERN_Stack_Project_Ecommerce_Hayroo-304863/client/public/style.css (ext=.css, size=1885272)
2026-01-29 09:48:19,070 - Knowledge - INFO - process ingested knowledge for /app/data/T0015/304863/b13420e/MERN_Stack_Project_Ecommerce_Hayroo-304863/client/src/components/shop/productDetails/Mixins.js
2026-01-29 09:48:19,085 - Knowledge - INFO - process ingested knowledge for /app/data/T0015/304863/b13420e/MERN_Stack_Project_Ecommerce_Hayroo-304863/client/src/components/shop/productDetails/ProductDetailsSectionTwo.js
2026-01-29 09:48:19,270 - Knowledge - INFO - Fast-tracked /app/data/T0015/304863/b13420e/MERN_Stack_Project_Ecommerce_Hayroo-304863/client/public/index.html (ext=.html, size=604)
2026-01-29 09:48:19,348 - Knowledge - INFO - done ingest for /app/data/T0015/304863/b13420e/MERN_Stack_Project_Ecommerce_Hayroo-304863/client/src/components/shop/home/ProductCategoryDropdown.js
2026-01-29 09:48:19,349 - Knowledge - INFO - [WEBSOCKET] Sent: Type=unknown, Size: ?, Duration: 1346ms
2026-01-29 09:48:19,429 - Knowledge - INFO - Async storage completed for 5 embeddings
2026-01-29 09:48:19,713 - Knowledge - INFO - process ingested knowledge for /app/data/T0015/304863/b13420e/MERN_Stack_Project_Ecommerce_Hayroo-304863/client/src/components/shop/productDetails/ReviewForm.js
2026-01-29 09:48:19,735 - Knowledge - INFO - Async storage completed for 5 embeddings
2026-01-29 09:48:19,940 - Knowledge - INFO - Progress: 60.9% | Files: 81/128 | Rate: 1.45 files/sec | Queue: 0
2026-01-29 09:48:20,011 - Knowledge - INFO - Processing batch of 4 files
2026-01-29 09:48:20,101 - Knowledge - INFO - Processing batch of 4 files
2026-01-29 09:48:20,101 - Knowledge - INFO - Processing batch of 4 files
2026-01-29 09:48:20,102 - Knowledge - INFO - Processing batch of 4 files
2026-01-29 09:48:20,192 - Knowledge - INFO - Processing batch of 4 files
2026-01-29 09:48:20,391 - Knowledge - INFO - Processing batch of 1 files
2026-01-29 09:48:20,423 - Knowledge - INFO - process ingested knowledge for /app/data/T0015/304863/b13420e/MERN_Stack_Project_Ecommerce_Hayroo-304863/client/src/components/shop/productDetails/index.js
2026-01-29 09:48:20,546 - Knowledge - INFO - process ingested knowledge for /app/data/T0015/304863/b13420e/MERN_Stack_Project_Ecommerce_Hayroo-304863/client/src/components/shop/wishlist/SingleWishProduct.js
2026-01-29 09:48:20,659 - Knowledge - INFO - process ingested knowledge for /app/data/T0015/304863/b13420e/MERN_Stack_Project_Ecommerce_Hayroo-304863/client/src/components/shop/home/ProductCategoryDropdown.js
2026-01-29 09:48:20,774 - Knowledge - INFO - process ingested knowledge for /app/data/T0015/304863/b13420e/MERN_Stack_Project_Ecommerce_Hayroo-304863/client/src/components/shop/dashboardUser/Action.js
2026-01-29 09:48:20,861 - Knowledge - INFO - process ingested knowledge for /app/data/T0015/304863/b13420e/MERN_Stack_Project_Ecommerce_Hayroo-304863/client/src/index.js
2026-01-29 09:48:20,944 - Knowledge - INFO - process ingested knowledge for /app/data/T0015/304863/b13420e/MERN_Stack_Project_Ecommerce_Hayroo-304863/client/public/index.html
2026-01-29 09:48:21,104 - Knowledge - INFO - process ingested knowledge for /app/data/T0015/304863/b13420e/MERN_Stack_Project_Ecommerce_Hayroo-304863/client/src/components/shop/productDetails/ProductDetailsContext.js
2026-01-29 09:48:21,162 - Knowledge - INFO - process ingested knowledge for /app/data/T0015/304863/b13420e/MERN_Stack_Project_Ecommerce_Hayroo-304863/client/src/components/shop/wishlist/index.js
2026-01-29 09:48:21,236 - Knowledge - INFO - process ingested knowledge for /app/data/T0015/304863/b13420e/MERN_Stack_Project_Ecommerce_Hayroo-304863/client/src/components/shop/index.js
2026-01-29 09:48:21,462 - Knowledge - INFO - process ingested knowledge for /app/data/T0015/304863/b13420e/MERN_Stack_Project_Ecommerce_Hayroo-304863/client/src/components/shop/dashboardUser/Layout.js
2026-01-29 09:48:21,467 - Knowledge - INFO - process ingested knowledge for /app/data/T0015/304863/b13420e/MERN_Stack_Project_Ecommerce_Hayroo-304863/client/package.json
2026-01-29 09:48:22,130 - Knowledge - INFO - [LLM_CALL] Completed: AddProductModal.js:chunk1, Duration: 6624ms, PromptTokens: 5574, CompletionTokens: 289, Cost: $0.00067
2026-01-29 09:48:22,133 - Knowledge - INFO - process ingested knowledge for /app/data/T0015/304863/b13420e/MERN_Stack_Project_Ecommerce_Hayroo-304863/client/src/components/shop/wishlist/FetchApi.js
2026-01-29 09:48:22,159 - Knowledge - INFO - process ingested knowledge for /app/data/T0015/304863/b13420e/MERN_Stack_Project_Ecommerce_Hayroo-304863/client/src/components/shop/dashboardUser/Sidebar.js
2026-01-29 09:48:22,159 - Knowledge - INFO - process ingested knowledge for /app/data/T0015/304863/b13420e/MERN_Stack_Project_Ecommerce_Hayroo-304863/client/src/components/shop/dashboardUser/SettingUser.js
2026-01-29 09:48:22,162 - Knowledge - INFO - process ingested knowledge for /app/data/T0015/304863/b13420e/MERN_Stack_Project_Ecommerce_Hayroo-304863/client/src/components/shop/productDetails/ProductDetailsSection.js
2026-01-29 09:48:22,170 - Knowledge - INFO - process ingested knowledge for /app/data/T0015/304863/b13420e/MERN_Stack_Project_Ecommerce_Hayroo-304863/client/README.md
2026-01-29 09:48:22,344 - Knowledge - INFO - done ingest for /app/data/T0015/304863/b13420e/MERN_Stack_Project_Ecommerce_Hayroo-304863/client/src/components/admin/products/AddProductModal.js
2026-01-29 09:48:22,435 - Knowledge - INFO - [WEBSOCKET] Sent: Type=progress_update, Size: 271, Duration: 0ms
2026-01-29 09:48:22,506 - Knowledge - INFO - process ingested knowledge for /app/data/T0015/304863/b13420e/MERN_Stack_Project_Ecommerce_Hayroo-304863/client/src/components/admin/partials/AdminNavber.js
2026-01-29 09:48:22,678 - Knowledge - INFO - process ingested knowledge for /app/data/T0015/304863/b13420e/MERN_Stack_Project_Ecommerce_Hayroo-304863/client/src/components/shop/dashboardUser/index.js
2026-01-29 09:48:22,948 - Knowledge - INFO - process ingested knowledge for /app/data/T0015/304863/b13420e/MERN_Stack_Project_Ecommerce_Hayroo-304863/client/src/components/shop/dashboardUser/UserOrders.js
2026-01-29 09:48:22,994 - Knowledge - INFO - process ingested knowledge for /app/data/T0015/304863/b13420e/MERN_Stack_Project_Ecommerce_Hayroo-304863/client/src/components/shop/productDetails/FetchApi.js
2026-01-29 09:48:23,176 - Knowledge - INFO - process ingested knowledge for /app/data/T0015/304863/b13420e/MERN_Stack_Project_Ecommerce_Hayroo-304863/client/public/style.css
2026-01-29 09:48:23,360 - Knowledge - INFO - [WEBSOCKET] Sent: Type=unknown, Size: ?, Duration: 924ms
2026-01-29 09:48:23,619 - Knowledge - INFO - Fast-tracked /app/data/T0015/304863/b13420e/MERN_Stack_Project_Ecommerce_Hayroo-304863/client/src/components/admin/orders/Actions.js (small file (2499 bytes))
2026-01-29 09:48:23,732 - Knowledge - INFO - Async storage completed for 4 embeddings
2026-01-29 09:48:24,081 - Knowledge - INFO - Fast-tracked /app/data/T0015/304863/b13420e/MERN_Stack_Project_Ecommerce_Hayroo-304863/client/src/components/index.js (small file (2221 bytes))
2026-01-29 09:48:24,233 - Knowledge - INFO - Progress: 75.0% | Files: 96/128 | Rate: 1.60 files/sec | Queue: 0
2026-01-29 09:48:24,295 - Knowledge - INFO - [LLM_CALL] Completed: AllCategories.js:chunk1, Duration: 8789ms, PromptTokens: 4526, CompletionTokens: 265, Cost: $0.00056
2026-01-29 09:48:24,376 - Knowledge - INFO - Async storage completed for 4 embeddings
2026-01-29 09:48:24,714 - Knowledge - INFO - done ingest for /app/data/T0015/304863/b13420e/MERN_Stack_Project_Ecommerce_Hayroo-304863/client/src/components/admin/categories/AllCategories.js
2026-01-29 09:48:24,715 - Knowledge - INFO - [LLM_CALL] Completed: AdminSidebar.js:chunk1, Duration: 18895ms, PromptTokens: 3498, CompletionTokens: 201, Cost: $0.00043
2026-01-29 09:48:25,033 - Knowledge - INFO - done ingest for /app/data/T0015/304863/b13420e/MERN_Stack_Project_Ecommerce_Hayroo-304863/client/src/components/admin/partials/AdminSidebar.js
2026-01-29 09:48:25,235 - Knowledge - INFO - [LLM_CALL] Completed: EditProductModal.js:chunk1, Duration: 20202ms, PromptTokens: 5972, CompletionTokens: 338, Cost: $0.00073
2026-01-29 09:48:25,432 - Knowledge - INFO - done ingest for /app/data/T0015/304863/b13420e/MERN_Stack_Project_Ecommerce_Hayroo-304863/client/src/components/admin/products/EditProductModal.js
2026-01-29 09:48:25,728 - Knowledge - INFO - [LLM_CALL] Completed: ProductTable.js:chunk1, Duration: 15051ms, PromptTokens: 4660, CompletionTokens: 272, Cost: $0.00057
2026-01-29 09:48:25,943 - Knowledge - INFO - done ingest for /app/data/T0015/304863/b13420e/MERN_Stack_Project_Ecommerce_Hayroo-304863/client/src/components/admin/products/ProductTable.js
2026-01-29 09:48:25,951 - Knowledge - INFO - [LLM_CALL] Completed: EditCategoryModal.js:chunk1, Duration: 15274ms, PromptTokens: 2878, CompletionTokens: 258, Cost: $0.00039
2026-01-29 09:48:26,374 - Knowledge - INFO - done ingest for /app/data/T0015/304863/b13420e/MERN_Stack_Project_Ecommerce_Hayroo-304863/client/src/components/admin/categories/EditCategoryModal.js
2026-01-29 09:48:26,709 - Knowledge - INFO - Async storage completed for 4 embeddings
2026-01-29 09:48:27,157 - Knowledge - INFO - [LLM_CALL] Completed: DashboardCard.js:chunk1, Duration: 10050ms, PromptTokens: 4528, CompletionTokens: 195, Cost: $0.00053
2026-01-29 09:48:27,310 - Knowledge - INFO - Async storage completed for 5 embeddings
2026-01-29 09:48:27,414 - Knowledge - INFO - done ingest for /app/data/T0015/304863/b13420e/MERN_Stack_Project_Ecommerce_Hayroo-304863/client/src/components/admin/dashboardAdmin/DashboardCard.js
2026-01-29 09:48:27,609 - Knowledge - INFO - [LLM_CALL] Completed: OrderMenu.js:chunk1, Duration: 10502ms, PromptTokens: 2774, CompletionTokens: 191, Cost: $0.00035
2026-01-29 09:48:27,889 - Knowledge - INFO - done ingest for /app/data/T0015/304863/b13420e/MERN_Stack_Project_Ecommerce_Hayroo-304863/client/src/components/admin/orders/OrderMenu.js
2026-01-29 09:48:28,381 - Knowledge - INFO - [LLM_CALL] Completed: Customize.js:chunk1, Duration: 8009ms, PromptTokens: 3982, CompletionTokens: 270, Cost: $0.00051
2026-01-29 09:48:28,721 - Knowledge - INFO - done ingest for /app/data/T0015/304863/b13420e/MERN_Stack_Project_Ecommerce_Hayroo-304863/client/src/components/admin/dashboardAdmin/Customize.js
2026-01-29 09:48:28,966 - Knowledge - INFO - [WEBSOCKET] Sent: Type=progress_update, Size: 271, Duration: 0ms
2026-01-29 09:48:29,278 - Knowledge - INFO - [WEBSOCKET] Sent: Type=unknown, Size: ?, Duration: 312ms
2026-01-29 09:48:29,526 - Knowledge - INFO - Progress: 77.3% | Files: 103/128 | Rate: 1.56 files/sec | Queue: 0
2026-01-29 09:48:29,583 - Knowledge - INFO - [WEBSOCKET] Sent: Type=progress_update, Size: 273, Duration: 0ms
2026-01-29 09:48:29,958 - Knowledge - INFO - [WEBSOCKET] Sent: Type=unknown, Size: ?, Duration: 376ms
2026-01-29 09:48:30,339 - Knowledge - INFO - Progress: 80.5% | Files: 107/128 | Rate: 1.61 files/sec | Queue: 0
2026-01-29 09:48:30,678 - Knowledge - INFO - [LLM_CALL] Completed: TodaySell.js:chunk1, Duration: 15171ms, PromptTokens: 3110, CompletionTokens: 309, Cost: $0.00043
2026-01-29 09:48:30,904 - Knowledge - INFO - done ingest for /app/data/T0015/304863/b13420e/MERN_Stack_Project_Ecommerce_Hayroo-304863/client/src/components/admin/dashboardAdmin/TodaySell.js
2026-01-29 09:48:30,916 - Knowledge - INFO - Processing batch of 4 files
2026-01-29 09:48:30,974 - Knowledge - INFO - Processing batch of 4 files
2026-01-29 09:48:31,262 - Knowledge - INFO - process ingested knowledge for /app/data/T0015/304863/b13420e/MERN_Stack_Project_Ecommerce_Hayroo-304863/client/src/components/admin/partials/AdminSidebar.js
2026-01-29 09:48:31,406 - Knowledge - INFO - process ingested knowledge for /app/data/T0015/304863/b13420e/MERN_Stack_Project_Ecommerce_Hayroo-304863/client/src/components/admin/products/EditProductModal.js
2026-01-29 09:48:31,413 - Knowledge - INFO - [LLM_CALL] Completed: AllOrders.js:chunk1, Duration: 13403ms, PromptTokens: 4674, CompletionTokens: 248, Cost: $0.00057
2026-01-29 09:48:31,748 - Knowledge - INFO - process ingested knowledge for /app/data/T0015/304863/b13420e/MERN_Stack_Project_Ecommerce_Hayroo-304863/client/src/components/admin/partials/AdminFooter.js
2026-01-29 09:48:31,757 - Knowledge - INFO - done ingest for /app/data/T0015/304863/b13420e/MERN_Stack_Project_Ecommerce_Hayroo-304863/client/src/components/admin/orders/AllOrders.js
2026-01-29 09:48:31,778 - Knowledge - INFO - Processing batch of 4 files
2026-01-29 09:48:31,789 - Knowledge - INFO - Processing batch of 4 files
2026-01-29 09:48:31,874 - Knowledge - INFO - process ingested knowledge for /app/data/T0015/304863/b13420e/MERN_Stack_Project_Ecommerce_Hayroo-304863/client/src/components/admin/categories/EditCategoryModal.js
2026-01-29 09:48:32,455 - Knowledge - INFO - process ingested knowledge for /app/data/T0015/304863/b13420e/MERN_Stack_Project_Ecommerce_Hayroo-304863/client/src/components/admin/products/ProductTable.js
2026-01-29 09:48:32,481 - Knowledge - INFO - process ingested knowledge for /app/data/T0015/304863/b13420e/MERN_Stack_Project_Ecommerce_Hayroo-304863/client/src/components/admin/index.js
2026-01-29 09:48:32,587 - Knowledge - INFO - process ingested knowledge for /app/data/T0015/304863/b13420e/MERN_Stack_Project_Ecommerce_Hayroo-304863/client/src/components/admin/dashboardAdmin/Action.js
2026-01-29 09:48:32,745 - Knowledge - INFO - [LLM_CALL] Completed: UpdateOrderModal.js:chunk1, Duration: 8472ms, PromptTokens: 2740, CompletionTokens: 234, Cost: $0.00037
2026-01-29 09:48:33,049 - Knowledge - INFO - process ingested knowledge for /app/data/T0015/304863/b13420e/MERN_Stack_Project_Ecommerce_Hayroo-304863/client/src/components/admin/products/AddProductModal.js
2026-01-29 09:48:33,069 - Knowledge - INFO - process ingested knowledge for /app/data/T0015/304863/b13420e/MERN_Stack_Project_Ecommerce_Hayroo-304863/client/src/components/admin/categories/AllCategories.js
2026-01-29 09:48:33,157 - Knowledge - INFO - process ingested knowledge for /app/data/T0015/304863/b13420e/MERN_Stack_Project_Ecommerce_Hayroo-304863/client/src/components/admin/orders/OrderMenu.js
2026-01-29 09:48:33,286 - Knowledge - INFO - done ingest for /app/data/T0015/304863/b13420e/MERN_Stack_Project_Ecommerce_Hayroo-304863/client/src/components/admin/orders/UpdateOrderModal.js
2026-01-29 09:48:33,287 - Knowledge - INFO - [LLM_CALL] Completed: AddCategoryModal.js:chunk1, Duration: 15308ms, PromptTokens: 3968, CompletionTokens: 292, Cost: $0.00051
2026-01-29 09:48:33,287 - Knowledge - INFO - process ingested knowledge for /app/data/T0015/304863/b13420e/MERN_Stack_Project_Ecommerce_Hayroo-304863/client/src/components/admin/dashboardAdmin/DashboardCard.js
2026-01-29 09:48:33,517 - Knowledge - INFO - process ingested knowledge for /app/data/T0015/304863/b13420e/MERN_Stack_Project_Ecommerce_Hayroo-304863/client/src/components/admin/categories/CategoryContext.js
2026-01-29 09:48:33,729 - Knowledge - INFO - process ingested knowledge for /app/data/T0015/304863/b13420e/MERN_Stack_Project_Ecommerce_Hayroo-304863/client/src/components/admin/orders/Actions.js
2026-01-29 09:48:33,770 - Knowledge - INFO - done ingest for /app/data/T0015/304863/b13420e/MERN_Stack_Project_Ecommerce_Hayroo-304863/client/src/components/admin/orders/AddCategoryModal.js
2026-01-29 09:48:33,772 - Knowledge - INFO - Processing batch of 4 files
2026-01-29 09:48:33,866 - Knowledge - INFO - process ingested knowledge for /app/data/T0015/304863/b13420e/MERN_Stack_Project_Ecommerce_Hayroo-304863/client/src/components/admin/dashboardAdmin/index.js
2026-01-29 09:48:34,043 - Knowledge - INFO - Processing batch of 4 files
2026-01-29 09:48:34,121 - Knowledge - INFO - process ingested knowledge for /app/data/T0015/304863/b13420e/MERN_Stack_Project_Ecommerce_Hayroo-304863/client/src/components/admin/orders/OrderContext.js
2026-01-29 09:48:34,245 - Knowledge - INFO - [WEBSOCKET] Sent: Type=progress_update, Size: 274, Duration: 0ms
2026-01-29 09:48:34,245 - Knowledge - INFO - process ingested knowledge for /app/data/T0015/304863/b13420e/MERN_Stack_Project_Ecommerce_Hayroo-304863/client/src/components/admin/layout/index.js
2026-01-29 09:48:34,467 - Knowledge - INFO - process ingested knowledge for /app/data/T0015/304863/b13420e/MERN_Stack_Project_Ecommerce_Hayroo-304863/client/src/components/admin/orders/AllOrders.js
2026-01-29 09:48:34,640 - Knowledge - INFO - process ingested knowledge for /app/data/T0015/304863/b13420e/MERN_Stack_Project_Ecommerce_Hayroo-304863/client/src/components/admin/dashboardAdmin/FetchApi.js
2026-01-29 09:48:34,720 - Knowledge - INFO - [LLM_CALL] Completed: serviceWorker.js:chunk1, Duration: 9677ms, PromptTokens: 2956, CompletionTokens: 352, Cost: $0.00044
2026-01-29 09:48:34,895 - Knowledge - INFO - process ingested knowledge for /app/data/T0015/304863/b13420e/MERN_Stack_Project_Ecommerce_Hayroo-304863/client/src/components/admin/dashboardAdmin/DashboardContext.js
2026-01-29 09:48:34,996 - Knowledge - INFO - process ingested knowledge for /app/data/T0015/304863/b13420e/MERN_Stack_Project_Ecommerce_Hayroo-304863/client/src/components/admin/orders/index.js
2026-01-29 09:48:35,110 - Knowledge - INFO - done ingest for /app/data/T0015/304863/b13420e/MERN_Stack_Project_Ecommerce_Hayroo-304863/client/src/serviceWorker.js
2026-01-29 09:48:35,115 - Knowledge - INFO - [WEBSOCKET] Sent: Type=unknown, Size: ?, Duration: 870ms
2026-01-29 09:48:35,347 - Knowledge - INFO - process ingested knowledge for /app/data/T0015/304863/b13420e/MERN_Stack_Project_Ecommerce_Hayroo-304863/client/src/components/admin/dashboardAdmin/TodaySell.js
2026-01-29 09:48:35,451 - Knowledge - INFO - process ingested knowledge for /app/data/T0015/304863/b13420e/MERN_Stack_Project_Ecommerce_Hayroo-304863/client/src/components/admin/orders/SearchFilter.js
2026-01-29 09:48:35,581 - Knowledge - INFO - Progress: 93.8% | Files: 121/128 | Rate: 1.68 files/sec | Queue: 0
2026-01-29 09:48:35,714 - Knowledge - INFO - process ingested knowledge for /app/data/T0015/304863/b13420e/MERN_Stack_Project_Ecommerce_Hayroo-304863/client/src/components/admin/dashboardAdmin/Customize.js
2026-01-29 09:48:35,760 - Knowledge - INFO - Processing batch of 4 files
2026-01-29 09:48:35,784 - Knowledge - INFO - process ingested knowledge for /app/data/T0015/304863/b13420e/MERN_Stack_Project_Ecommerce_Hayroo-304863/client/src/components/admin/orders/UpdateOrderModal.js
2026-01-29 09:48:36,032 - Knowledge - INFO - process ingested knowledge for /app/data/T0015/304863/b13420e/MERN_Stack_Project_Ecommerce_Hayroo-304863/client/src/components/admin/orders/AddCategoryModal.js
2026-01-29 09:48:36,279 - Knowledge - INFO - process ingested knowledge for /app/data/T0015/304863/b13420e/MERN_Stack_Project_Ecommerce_Hayroo-304863/client/src/components/admin/orders/FetchApi.js
2026-01-29 09:48:36,455 - Knowledge - INFO - process ingested knowledge for /app/data/T0015/304863/b13420e/MERN_Stack_Project_Ecommerce_Hayroo-304863/client/src/components/index.js
2026-01-29 09:48:36,668 - Knowledge - INFO - process ingested knowledge for /app/data/T0015/304863/b13420e/MERN_Stack_Project_Ecommerce_Hayroo-304863/client/src/serviceWorker.js
2026-01-29 09:48:37,417 - Knowledge - INFO - [WEBSOCKET] Sent: Type=progress_update, Size: 274, Duration: 0ms
2026-01-29 09:48:37,597 - Knowledge - INFO - [WEBSOCKET] Sent: Type=unknown, Size: ?, Duration: 180ms
2026-01-29 09:48:37,778 - Knowledge - INFO - Progress: 96.9% | Files: 124/128 | Rate: 1.65 files/sec | Queue: 0
2026-01-29 09:49:33,785 - Knowledge - ERROR - Failed to parse LLM response as JSON for /app/data/T0015/304863/b13420e/MERN_Stack_Project_Ecommerce_Hayroo-304863/client/src/components/admin/categories/AddCategoryModal.js, chunk 1
2026-01-29 09:49:33,974 - Knowledge - INFO - done ingest for /app/data/T0015/304863/b13420e/MERN_Stack_Project_Ecommerce_Hayroo-304863/client/src/components/admin/categories/AddCategoryModal.js
2026-01-29 09:49:34,195 - Knowledge - INFO - Processing batch of 4 files
2026-01-29 09:49:34,359 - Knowledge - INFO - process ingested knowledge for /app/data/T0015/304863/b13420e/MERN_Stack_Project_Ecommerce_Hayroo-304863/client/src/components/admin/categories/CategoryMenu.js
2026-01-29 09:49:34,532 - Knowledge - INFO - process ingested knowledge for /app/data/T0015/304863/b13420e/MERN_Stack_Project_Ecommerce_Hayroo-304863/client/src/components/admin/categories/index.js
2026-01-29 09:49:34,687 - Knowledge - INFO - process ingested knowledge for /app/data/T0015/304863/b13420e/MERN_Stack_Project_Ecommerce_Hayroo-304863/client/src/components/admin/categories/AddCategoryModal.js
2026-01-29 09:49:34,854 - Knowledge - INFO - process ingested knowledge for /app/data/T0015/304863/b13420e/MERN_Stack_Project_Ecommerce_Hayroo-304863/client/src/components/admin/categories/FetchApi.js
2026-01-29 09:49:35,410 - Knowledge - INFO - [WEBSOCKET] Sent: Type=progress_update, Size: 272, Duration: 0ms
2026-01-29 09:49:35,625 - Knowledge - INFO - [WEBSOCKET] Sent: Type=unknown, Size: ?, Duration: 215ms
2026-01-29 09:49:35,782 - Knowledge - INFO - Progress: 100.0% | Files: 128/128 | Rate: 0.96 files/sec | Queue: 0
2026-01-29 09:49:35,956 - Knowledge - INFO - Knowledge creation complete
2026-01-29 09:49:36,136 - Knowledge - INFO - ==================================================
2026-01-29 09:49:36,299 - Knowledge - INFO - KNOWLEDGE GRAPH GENERATION PERFORMANCE SUMMARY
2026-01-29 09:49:36,463 - Knowledge - INFO - ==================================================
2026-01-29 09:49:36,632 - Knowledge - INFO - Total processing time: 133.88 seconds (2.23 minutes)
2026-01-29 09:49:36,784 - Knowledge - INFO - Files processed: 0
2026-01-29 09:49:36,972 - Knowledge - INFO - Processing rate: 0.00 files/second
2026-01-29 09:49:37,136 - Knowledge - INFO - 
[TIME_BREAKDOWN]
2026-01-29 09:49:37,316 - Knowledge - INFO - File Reading: 0.00s (0.0%)
2026-01-29 09:49:37,516 - Knowledge - INFO - LLM Processing: 425.28s (317.7%)
2026-01-29 09:49:37,670 - Knowledge - INFO - MongoDB Operations: 0.00s (0.0%)
2026-01-29 09:49:37,828 - Knowledge - INFO - Redis Operations: 0.00s (0.0%)
2026-01-29 09:49:37,980 - Knowledge - INFO - WebSocket Communication: 11.88s (8.9%)
2026-01-29 09:49:38,151 - Knowledge - INFO - 
[LLM_STATS]
2026-01-29 09:49:38,317 - Knowledge - INFO - Total LLM calls: 36
2026-01-29 09:49:38,521 - Knowledge - INFO - Average LLM response time: 11813ms
2026-01-29 09:49:38,687 - Knowledge - INFO - Average prompt tokens: 3994.7
2026-01-29 09:49:38,856 - Knowledge - INFO - Average completion tokens: 292.9
2026-01-29 09:49:39,013 - Knowledge - INFO - Total prompt tokens: 143808
2026-01-29 09:49:39,173 - Knowledge - INFO - Total completion tokens: 10544
2026-01-29 09:49:39,373 - Knowledge - INFO - Total LLM cost: $0.0186
2026-01-29 09:49:39,539 - Knowledge - INFO - 
[DATABASE_STATS]
2026-01-29 09:49:39,689 - Knowledge - INFO - MongoDB operations: 0
2026-01-29 09:49:39,882 - Knowledge - INFO - Redis operations: 0
2026-01-29 09:49:40,044 - Knowledge - INFO - 
[COMMUNICATION_STATS]
2026-01-29 09:49:40,234 - Knowledge - INFO - WebSocket messages sent: 23
2026-01-29 09:49:40,394 - Knowledge - INFO - Average message size: 140.3 bytes
2026-01-29 09:49:40,565 - Knowledge - INFO - 
[WORKER_STATS]
2026-01-29 09:49:40,723 - Knowledge - INFO - 
[FILE_TYPE_STATS]
2026-01-29 09:49:40,883 - Knowledge - INFO - 
[SLOWEST_FILES]
2026-01-29 09:49:41,030 - Knowledge - INFO - ==================================================
2026-01-29 09:49:41,194 - Knowledge - INFO - ==================================================
2026-01-29 09:49:41,353 - Knowledge - INFO - KNOWLEDGE GRAPH GENERATION PERFORMANCE SUMMARY
2026-01-29 09:49:41,505 - Knowledge - INFO - ==================================================
2026-01-29 09:49:41,696 - Knowledge - INFO - Total processing time: 139.00 seconds (2.32 minutes)
2026-01-29 09:49:41,890 - Knowledge - INFO - Files processed: 128 of 128
2026-01-29 09:49:42,055 - Knowledge - INFO - Processing rate: 0.92 files/second
2026-01-29 09:49:42,252 - Knowledge - INFO - WebSocket messages sent: 11
2026-01-29 09:49:42,437 - Knowledge - INFO - MongoDB operations: 128
2026-01-29 09:49:42,615 - Knowledge - INFO - Average MongoDB ops per file: 1.00
2026-01-29 09:49:42,763 - Knowledge - INFO - LLM costs: $0.0222
2026-01-29 09:49:42,940 - Knowledge - INFO - Prompt tokens: 147810
2026-01-29 09:49:43,170 - Knowledge - INFO - Completion tokens: 18544
2026-01-29 09:49:43,361 - Knowledge - INFO - Updating org costs, total cost: 0.0221986
2026-01-29 09:49:44,556 - Knowledge - INFO - [WEBSOCKET] Sent: Type=progress_update, Size: 268, Duration: 0ms
2026-01-29 09:49:44,724 - Knowledge - INFO - Saving knowledge to Redis...
2026-01-29 09:49:45,033 - Knowledge - INFO - Knowledge saved to Redis successfully
2026-01-29 11:26:37,354 - Knowledge - INFO - Created shared MongoDB connection pool
2026-01-29 11:26:37,665 - Knowledge - INFO - Starting Knowledge Graph processing with 20 threads
2026-01-29 11:26:37,831 - Knowledge - INFO - Initial configuration: chunk_size=65536, max_cache_size=500
2026-01-29 11:26:37,990 - Knowledge - INFO - Knowledge Graph concurrency configuration: workers=20, max_batch_size=10, max_concurrent_llm_calls=50
2026-01-29 18:28:15,890 - Knowledge - INFO - Created shared MongoDB connection pool
2026-01-29 18:28:16,218 - Knowledge - INFO - Starting Knowledge Graph processing with 20 threads
2026-01-29 18:28:16,412 - Knowledge - INFO - Initial configuration: chunk_size=65536, max_cache_size=500
2026-01-29 18:28:16,597 - Knowledge - INFO - Knowledge Graph concurrency configuration: workers=20, max_batch_size=10, max_concurrent_llm_calls=50
2026-01-29 18:28:17,530 - Knowledge - INFO - 🔍 _load_persisted_knowledge called - checking for Redis optimization
2026-01-29 18:28:17,724 - Knowledge - WARNING - ❌ load_from_redis method not found - Redis support not attached
2026-01-29 18:28:17,907 - Knowledge - INFO - load persisted knowledge: begin
2026-01-29 18:28:19,359 - Knowledge - INFO - Persisted knowledge files in /app/data/T0015/304863/b13420e/MERN_Stack_Project_Ecommerce_Hayroo-304863/.knowledge have been renamed to use .json
2026-01-29 18:28:19,547 - Knowledge - INFO - Found code-base-name: https://github.com/kavia-common/MERN_Stack_Project_Ecommerce_Hayroo-304863.git:kavia-master
2026-01-29 18:28:19,754 - Knowledge - INFO - Found code_base: <app.utils.kg_build.knowledge.KnowledgeCodeBase object at 0x7ff3afbfb810>
2026-01-29 18:28:20,040 - Knowledge - INFO - Found code-base-name: https://github.com/kavia-common/MERN_Stack_Project_Ecommerce_Hayroo-304863.git:kavia-master
2026-01-29 18:28:20,230 - Knowledge - INFO - Found code_base: <app.utils.kg_build.knowledge.KnowledgeCodeBase object at 0x7ff3afbfb810>
2026-01-29 18:28:20,433 - Knowledge - INFO - persist ingested knowledge for /app/data/T0015/304863/b13420e/MERN_Stack_Project_Ecommerce_Hayroo-304863/server/controller/braintree.js
2026-01-29 18:28:20,685 - Knowledge - INFO - [MONGODB_OP] Completed: persist, Collection: file_info, Duration: 88ms
2026-01-29 18:28:21,848 - Knowledge - INFO - [REDIS_OP] Completed: store_embedding, Key: server/controller/braintree.js, Duration: 989ms
2026-01-29 18:28:22,022 - Knowledge - INFO - persist search terms embedding for server/controller/braintree.js
2026-01-29 18:28:22,195 - Knowledge - INFO - process ingested knowledge for /app/data/T0015/304863/b13420e/MERN_Stack_Project_Ecommerce_Hayroo-304863/server/controller/braintree.js
2026-01-29 18:28:22,385 - Knowledge - INFO - Found code-base-name: https://github.com/kavia-common/MERN_Stack_Project_Ecommerce_Hayroo-304863.git:kavia-master
2026-01-29 18:28:22,570 - Knowledge - INFO - Found code_base: <app.utils.kg_build.knowledge.KnowledgeCodeBase object at 0x7ff3afbfb810>
2026-01-29 18:28:22,783 - Knowledge - INFO - Found code-base-name: https://github.com/kavia-common/MERN_Stack_Project_Ecommerce_Hayroo-304863.git:kavia-master
2026-01-29 18:28:22,973 - Knowledge - INFO - Found code_base: <app.utils.kg_build.knowledge.KnowledgeCodeBase object at 0x7ff3afbfb810>
2026-01-29 18:28:23,158 - Knowledge - INFO - persist ingested knowledge for /app/data/T0015/304863/b13420e/MERN_Stack_Project_Ecommerce_Hayroo-304863/client/src/components/shop/dashboardUser/SearchFilter.js
2026-01-29 18:28:23,446 - Knowledge - INFO - [MONGODB_OP] Completed: persist, Collection: file_info, Duration: 94ms
2026-01-29 18:28:24,437 - Knowledge - INFO - [REDIS_OP] Completed: store_embedding, Key: client/src/components/shop/dashboardUser/SearchFilter.js, Duration: 800ms
2026-01-29 18:28:24,588 - Knowledge - INFO - persist search terms embedding for client/src/components/shop/dashboardUser/SearchFilter.js
2026-01-29 18:28:24,781 - Knowledge - INFO - process ingested knowledge for /app/data/T0015/304863/b13420e/MERN_Stack_Project_Ecommerce_Hayroo-304863/client/src/components/shop/dashboardUser/SearchFilter.js
2026-01-29 18:28:24,933 - Knowledge - INFO - Found code-base-name: https://github.com/kavia-common/MERN_Stack_Project_Ecommerce_Hayroo-304863.git:kavia-master
2026-01-29 18:28:25,145 - Knowledge - INFO - Found code_base: <app.utils.kg_build.knowledge.KnowledgeCodeBase object at 0x7ff3afbfb810>
2026-01-29 18:28:25,379 - Knowledge - INFO - Found code-base-name: https://github.com/kavia-common/MERN_Stack_Project_Ecommerce_Hayroo-304863.git:kavia-master
2026-01-29 18:28:25,552 - Knowledge - INFO - Found code_base: <app.utils.kg_build.knowledge.KnowledgeCodeBase object at 0x7ff3afbfb810>
2026-01-29 18:28:25,769 - Knowledge - INFO - persist ingested knowledge for /app/data/T0015/304863/b13420e/MERN_Stack_Project_Ecommerce_Hayroo-304863/client/src/components/shop/home/ProductByCategory.js
2026-01-29 18:28:26,026 - Knowledge - INFO - [MONGODB_OP] Completed: persist, Collection: file_info, Duration: 87ms
2026-01-29 18:28:26,441 - Knowledge - INFO - [REDIS_OP] Completed: store_embedding, Key: client/src/components/shop/home/ProductByCategory.js, Duration: 223ms
2026-01-29 18:28:26,618 - Knowledge - INFO - persist search terms embedding for client/src/components/shop/home/ProductByCategory.js
2026-01-29 18:28:26,791 - Knowledge - INFO - process ingested knowledge for /app/data/T0015/304863/b13420e/MERN_Stack_Project_Ecommerce_Hayroo-304863/client/src/components/shop/home/ProductByCategory.js
2026-01-29 18:28:26,971 - Knowledge - INFO - Found code-base-name: https://github.com/kavia-common/MERN_Stack_Project_Ecommerce_Hayroo-304863.git:kavia-master
2026-01-29 18:28:27,139 - Knowledge - INFO - Found code_base: <app.utils.kg_build.knowledge.KnowledgeCodeBase object at 0x7ff3afbfb810>
2026-01-29 18:28:27,395 - Knowledge - INFO - Found code-base-name: https://github.com/kavia-common/MERN_Stack_Project_Ecommerce_Hayroo-304863.git:kavia-master
2026-01-29 18:28:27,566 - Knowledge - INFO - Found code_base: <app.utils.kg_build.knowledge.KnowledgeCodeBase object at 0x7ff3afbfb810>
2026-01-29 18:28:27,719 - Knowledge - INFO - persist ingested knowledge for /app/data/T0015/304863/b13420e/MERN_Stack_Project_Ecommerce_Hayroo-304863/client/src/components/admin/dashboardAdmin/Customize.js
2026-01-29 18:28:27,953 - Knowledge - INFO - [MONGODB_OP] Completed: persist, Collection: file_info, Duration: 88ms
2026-01-29 18:28:28,353 - Knowledge - INFO - [REDIS_OP] Completed: store_embedding, Key: client/src/components/admin/dashboardAdmin/Customize.js, Duration: 248ms
2026-01-29 18:28:28,584 - Knowledge - INFO - persist search terms embedding for client/src/components/admin/dashboardAdmin/Customize.js
2026-01-29 18:28:28,753 - Knowledge - INFO - process ingested knowledge for /app/data/T0015/304863/b13420e/MERN_Stack_Project_Ecommerce_Hayroo-304863/client/src/components/admin/dashboardAdmin/Customize.js
2026-01-29 18:28:28,907 - Knowledge - INFO - Found code-base-name: https://github.com/kavia-common/MERN_Stack_Project_Ecommerce_Hayroo-304863.git:kavia-master
2026-01-29 18:28:29,058 - Knowledge - INFO - Found code_base: <app.utils.kg_build.knowledge.KnowledgeCodeBase object at 0x7ff3afbfb810>
2026-01-29 18:28:29,282 - Knowledge - INFO - Found code-base-name: https://github.com/kavia-common/MERN_Stack_Project_Ecommerce_Hayroo-304863.git:kavia-master
2026-01-29 18:28:29,463 - Knowledge - INFO - Found code_base: <app.utils.kg_build.knowledge.KnowledgeCodeBase object at 0x7ff3afbfb810>
2026-01-29 18:28:29,643 - Knowledge - INFO - persist ingested knowledge for /app/data/T0015/304863/b13420e/MERN_Stack_Project_Ecommerce_Hayroo-304863/client/src/components/shop/home/OrderSuccessMessage.js
2026-01-29 18:28:29,916 - Knowledge - INFO - [MONGODB_OP] Completed: persist, Collection: file_info, Duration: 89ms
2026-01-29 18:28:30,353 - Knowledge - INFO - [REDIS_OP] Completed: store_embedding, Key: client/src/components/shop/home/OrderSuccessMessage.js, Duration: 199ms
2026-01-29 18:28:30,554 - Knowledge - INFO - persist search terms embedding for client/src/components/shop/home/OrderSuccessMessage.js
2026-01-29 18:28:30,749 - Knowledge - INFO - process ingested knowledge for /app/data/T0015/304863/b13420e/MERN_Stack_Project_Ecommerce_Hayroo-304863/client/src/components/shop/home/OrderSuccessMessage.js
2026-01-29 18:28:30,923 - Knowledge - INFO - Found code-base-name: https://github.com/kavia-common/MERN_Stack_Project_Ecommerce_Hayroo-304863.git:kavia-master
2026-01-29 18:28:31,088 - Knowledge - INFO - Found code_base: <app.utils.kg_build.knowledge.KnowledgeCodeBase object at 0x7ff3afbfb810>
2026-01-29 18:28:31,353 - Knowledge - INFO - Found code-base-name: https://github.com/kavia-common/MERN_Stack_Project_Ecommerce_Hayroo-304863.git:kavia-master
2026-01-29 18:28:31,511 - Knowledge - INFO - Found code_base: <app.utils.kg_build.knowledge.KnowledgeCodeBase object at 0x7ff3afbfb810>
2026-01-29 18:28:31,675 - Knowledge - INFO - persist ingested knowledge for /app/data/T0015/304863/b13420e/MERN_Stack_Project_Ecommerce_Hayroo-304863/server/config/uploadFolderCreateScript.js
2026-01-29 18:28:31,952 - Knowledge - INFO - [MONGODB_OP] Completed: persist, Collection: file_info, Duration: 97ms
2026-01-29 18:28:32,370 - Knowledge - INFO - [REDIS_OP] Completed: store_embedding, Key: server/config/uploadFolderCreateScript.js, Duration: 260ms
2026-01-29 18:28:32,527 - Knowledge - INFO - persist search terms embedding for server/config/uploadFolderCreateScript.js
2026-01-29 18:28:32,729 - Knowledge - INFO - process ingested knowledge for /app/data/T0015/304863/b13420e/MERN_Stack_Project_Ecommerce_Hayroo-304863/server/config/uploadFolderCreateScript.js
2026-01-29 18:28:32,891 - Knowledge - INFO - Found code-base-name: https://github.com/kavia-common/MERN_Stack_Project_Ecommerce_Hayroo-304863.git:kavia-master
2026-01-29 18:28:33,078 - Knowledge - INFO - Found code_base: <app.utils.kg_build.knowledge.KnowledgeCodeBase object at 0x7ff3afbfb810>
2026-01-29 18:28:33,321 - Knowledge - INFO - Found code-base-name: https://github.com/kavia-common/MERN_Stack_Project_Ecommerce_Hayroo-304863.git:kavia-master
2026-01-29 18:28:33,533 - Knowledge - INFO - Found code_base: <app.utils.kg_build.knowledge.KnowledgeCodeBase object at 0x7ff3afbfb810>
2026-01-29 18:28:33,719 - Knowledge - INFO - persist ingested knowledge for /app/data/T0015/304863/b13420e/MERN_Stack_Project_Ecommerce_Hayroo-304863/server/middleware/auth.js
2026-01-29 18:28:34,023 - Knowledge - INFO - [MONGODB_OP] Completed: persist, Collection: file_info, Duration: 93ms
2026-01-29 18:28:34,653 - Knowledge - INFO - [REDIS_OP] Completed: store_embedding, Key: server/middleware/auth.js, Duration: 457ms
2026-01-29 18:28:34,839 - Knowledge - INFO - persist search terms embedding for server/middleware/auth.js
2026-01-29 18:28:35,002 - Knowledge - INFO - process ingested knowledge for /app/data/T0015/304863/b13420e/MERN_Stack_Project_Ecommerce_Hayroo-304863/server/middleware/auth.js
2026-01-29 18:28:35,192 - Knowledge - INFO - Found code-base-name: https://github.com/kavia-common/MERN_Stack_Project_Ecommerce_Hayroo-304863.git:kavia-master
2026-01-29 18:28:35,349 - Knowledge - INFO - Found code_base: <app.utils.kg_build.knowledge.KnowledgeCodeBase object at 0x7ff3afbfb810>
2026-01-29 18:28:35,578 - Knowledge - INFO - Found code-base-name: https://github.com/kavia-common/MERN_Stack_Project_Ecommerce_Hayroo-304863.git:kavia-master
2026-01-29 18:28:35,774 - Knowledge - INFO - Found code_base: <app.utils.kg_build.knowledge.KnowledgeCodeBase object at 0x7ff3afbfb810>
2026-01-29 18:28:35,944 - Knowledge - INFO - persist ingested knowledge for /app/data/T0015/304863/b13420e/MERN_Stack_Project_Ecommerce_Hayroo-304863/client/src/components/shop/dashboardUser/DashboardUserContext.js
2026-01-29 18:28:36,269 - Knowledge - INFO - [MONGODB_OP] Completed: persist, Collection: file_info, Duration: 90ms
2026-01-29 18:28:36,642 - Knowledge - INFO - [REDIS_OP] Completed: store_embedding, Key: client/src/components/shop/dashboardUser/DashboardUserContext.js, Duration: 189ms
2026-01-29 18:28:36,815 - Knowledge - INFO - persist search terms embedding for client/src/components/shop/dashboardUser/DashboardUserContext.js
2026-01-29 18:28:37,033 - Knowledge - INFO - process ingested knowledge for /app/data/T0015/304863/b13420e/MERN_Stack_Project_Ecommerce_Hayroo-304863/client/src/components/shop/dashboardUser/DashboardUserContext.js
2026-01-29 18:28:37,247 - Knowledge - INFO - Found code-base-name: https://github.com/kavia-common/MERN_Stack_Project_Ecommerce_Hayroo-304863.git:kavia-master
2026-01-29 18:28:37,432 - Knowledge - INFO - Found code_base: <app.utils.kg_build.knowledge.KnowledgeCodeBase object at 0x7ff3afbfb810>
2026-01-29 18:28:37,655 - Knowledge - INFO - Found code-base-name: https://github.com/kavia-common/MERN_Stack_Project_Ecommerce_Hayroo-304863.git:kavia-master
2026-01-29 18:28:37,844 - Knowledge - INFO - Found code_base: <app.utils.kg_build.knowledge.KnowledgeCodeBase object at 0x7ff3afbfb810>
2026-01-29 18:28:38,025 - Knowledge - INFO - persist ingested knowledge for /app/data/T0015/304863/b13420e/MERN_Stack_Project_Ecommerce_Hayroo-304863/client/src/components/shop/productDetails/ProductDetailsSection.js
2026-01-29 18:28:38,308 - Knowledge - INFO - [MONGODB_OP] Completed: persist, Collection: file_info, Duration: 104ms
2026-01-29 18:28:38,814 - Knowledge - INFO - [REDIS_OP] Completed: store_embedding, Key: client/src/components/shop/productDetails/ProductDetailsSection.js, Duration: 316ms
2026-01-29 18:28:39,007 - Knowledge - INFO - persist search terms embedding for client/src/components/shop/productDetails/ProductDetailsSection.js
2026-01-29 18:28:39,201 - Knowledge - INFO - process ingested knowledge for /app/data/T0015/304863/b13420e/MERN_Stack_Project_Ecommerce_Hayroo-304863/client/src/components/shop/productDetails/ProductDetailsSection.js
2026-01-29 18:28:39,406 - Knowledge - INFO - Found code-base-name: https://github.com/kavia-common/MERN_Stack_Project_Ecommerce_Hayroo-304863.git:kavia-master
2026-01-29 18:28:39,563 - Knowledge - INFO - Found code_base: <app.utils.kg_build.knowledge.KnowledgeCodeBase object at 0x7ff3afbfb810>
2026-01-29 18:28:39,795 - Knowledge - INFO - Found code-base-name: https://github.com/kavia-common/MERN_Stack_Project_Ecommerce_Hayroo-304863.git:kavia-master
2026-01-29 18:28:40,002 - Knowledge - INFO - Found code_base: <app.utils.kg_build.knowledge.KnowledgeCodeBase object at 0x7ff3afbfb810>
2026-01-29 18:28:40,189 - Knowledge - INFO - persist ingested knowledge for /app/data/T0015/304863/b13420e/MERN_Stack_Project_Ecommerce_Hayroo-304863/client/src/components/shop/productDetails/ProductDetailsContext.js
2026-01-29 18:28:40,503 - Knowledge - INFO - [MONGODB_OP] Completed: persist, Collection: file_info, Duration: 93ms
2026-01-29 18:28:41,007 - Knowledge - INFO - [REDIS_OP] Completed: store_embedding, Key: client/src/components/shop/productDetails/ProductDetailsContext.js, Duration: 343ms
2026-01-29 18:28:41,173 - Knowledge - INFO - persist search terms embedding for client/src/components/shop/productDetails/ProductDetailsContext.js
2026-01-29 18:28:41,372 - Knowledge - INFO - process ingested knowledge for /app/data/T0015/304863/b13420e/MERN_Stack_Project_Ecommerce_Hayroo-304863/client/src/components/shop/productDetails/ProductDetailsContext.js
2026-01-29 18:28:41,537 - Knowledge - INFO - Found code-base-name: https://github.com/kavia-common/MERN_Stack_Project_Ecommerce_Hayroo-304863.git:kavia-master
2026-01-29 18:28:41,708 - Knowledge - INFO - Found code_base: <app.utils.kg_build.knowledge.KnowledgeCodeBase object at 0x7ff3afbfb810>
2026-01-29 18:28:41,952 - Knowledge - INFO - Found code-base-name: https://github.com/kavia-common/MERN_Stack_Project_Ecommerce_Hayroo-304863.git:kavia-master
2026-01-29 18:28:42,135 - Knowledge - INFO - Found code_base: <app.utils.kg_build.knowledge.KnowledgeCodeBase object at 0x7ff3afbfb810>
2026-01-29 18:28:42,297 - Knowledge - INFO - persist ingested knowledge for /app/data/T0015/304863/b13420e/MERN_Stack_Project_Ecommerce_Hayroo-304863/client/src/components/shop/dashboardUser/FetchApi.js
2026-01-29 18:28:42,585 - Knowledge - INFO - [MONGODB_OP] Completed: persist, Collection: file_info, Duration: 90ms
2026-01-29 18:28:43,001 - Knowledge - INFO - [REDIS_OP] Completed: store_embedding, Key: client/src/components/shop/dashboardUser/FetchApi.js, Duration: 235ms
2026-01-29 18:28:43,178 - Knowledge - INFO - persist search terms embedding for client/src/components/shop/dashboardUser/FetchApi.js
2026-01-29 18:28:43,348 - Knowledge - INFO - process ingested knowledge for /app/data/T0015/304863/b13420e/MERN_Stack_Project_Ecommerce_Hayroo-304863/client/src/components/shop/dashboardUser/FetchApi.js
2026-01-29 18:28:43,495 - Knowledge - INFO - Found code-base-name: https://github.com/kavia-common/MERN_Stack_Project_Ecommerce_Hayroo-304863.git:kavia-master
2026-01-29 18:28:43,702 - Knowledge - INFO - Found code_base: <app.utils.kg_build.knowledge.KnowledgeCodeBase object at 0x7ff3afbfb810>
2026-01-29 18:28:43,962 - Knowledge - INFO - Found code-base-name: https://github.com/kavia-common/MERN_Stack_Project_Ecommerce_Hayroo-304863.git:kavia-master
2026-01-29 18:28:44,136 - Knowledge - INFO - Found code_base: <app.utils.kg_build.knowledge.KnowledgeCodeBase object at 0x7ff3afbfb810>
2026-01-29 18:28:44,312 - Knowledge - INFO - persist ingested knowledge for /app/data/T0015/304863/b13420e/MERN_Stack_Project_Ecommerce_Hayroo-304863/client/src/components/admin/products/index.js
2026-01-29 18:28:44,575 - Knowledge - INFO - [MONGODB_OP] Completed: persist, Collection: file_info, Duration: 89ms
2026-01-29 18:28:44,977 - Knowledge - INFO - [REDIS_OP] Completed: store_embedding, Key: client/src/components/admin/products/index.js, Duration: 249ms
2026-01-29 18:28:45,172 - Knowledge - INFO - persist search terms embedding for client/src/components/admin/products/index.js
2026-01-29 18:28:45,314 - Knowledge - INFO - process ingested knowledge for /app/data/T0015/304863/b13420e/MERN_Stack_Project_Ecommerce_Hayroo-304863/client/src/components/admin/products/index.js
2026-01-29 18:28:45,518 - Knowledge - INFO - Found code-base-name: https://github.com/kavia-common/MERN_Stack_Project_Ecommerce_Hayroo-304863.git:kavia-master
2026-01-29 18:28:45,690 - Knowledge - INFO - Found code_base: <app.utils.kg_build.knowledge.KnowledgeCodeBase object at 0x7ff3afbfb810>
2026-01-29 18:28:45,955 - Knowledge - INFO - Found code-base-name: https://github.com/kavia-common/MERN_Stack_Project_Ecommerce_Hayroo-304863.git:kavia-master
2026-01-29 18:28:46,162 - Knowledge - INFO - Found code_base: <app.utils.kg_build.knowledge.KnowledgeCodeBase object at 0x7ff3afbfb810>
2026-01-29 18:28:46,316 - Knowledge - INFO - persist ingested knowledge for /app/data/T0015/304863/b13420e/MERN_Stack_Project_Ecommerce_Hayroo-304863/server/routes/categories.js
2026-01-29 18:28:46,607 - Knowledge - INFO - [MONGODB_OP] Completed: persist, Collection: file_info, Duration: 89ms
2026-01-29 18:28:47,005 - Knowledge - INFO - [REDIS_OP] Completed: store_embedding, Key: server/routes/categories.js, Duration: 217ms
2026-01-29 18:28:47,225 - Knowledge - INFO - persist search terms embedding for server/routes/categories.js
2026-01-29 18:28:47,418 - Knowledge - INFO - process ingested knowledge for /app/data/T0015/304863/b13420e/MERN_Stack_Project_Ecommerce_Hayroo-304863/server/routes/categories.js
2026-01-29 18:28:47,591 - Knowledge - INFO - Found code-base-name: https://github.com/kavia-common/MERN_Stack_Project_Ecommerce_Hayroo-304863.git:kavia-master
2026-01-29 18:28:47,773 - Knowledge - INFO - Found code_base: <app.utils.kg_build.knowledge.KnowledgeCodeBase object at 0x7ff3afbfb810>
2026-01-29 18:28:48,078 - Knowledge - INFO - Found code-base-name: https://github.com/kavia-common/MERN_Stack_Project_Ecommerce_Hayroo-304863.git:kavia-master
2026-01-29 18:28:48,230 - Knowledge - INFO - Found code_base: <app.utils.kg_build.knowledge.KnowledgeCodeBase object at 0x7ff3afbfb810>
2026-01-29 18:28:48,398 - Knowledge - INFO - persist ingested knowledge for /app/data/T0015/304863/b13420e/MERN_Stack_Project_Ecommerce_Hayroo-304863/client/src/components/shop/auth/ProtectedRoute.js
2026-01-29 18:28:48,644 - Knowledge - INFO - [MONGODB_OP] Completed: persist, Collection: file_info, Duration: 87ms
2026-01-29 18:28:49,034 - Knowledge - INFO - [REDIS_OP] Completed: store_embedding, Key: client/src/components/shop/auth/ProtectedRoute.js, Duration: 243ms
2026-01-29 18:28:49,219 - Knowledge - INFO - persist search terms embedding for client/src/components/shop/auth/ProtectedRoute.js
2026-01-29 18:28:49,392 - Knowledge - INFO - process ingested knowledge for /app/data/T0015/304863/b13420e/MERN_Stack_Project_Ecommerce_Hayroo-304863/client/src/components/shop/auth/ProtectedRoute.js
2026-01-29 18:28:49,614 - Knowledge - INFO - Found code-base-name: https://github.com/kavia-common/MERN_Stack_Project_Ecommerce_Hayroo-304863.git:kavia-master
2026-01-29 18:28:49,817 - Knowledge - INFO - Found code_base: <app.utils.kg_build.knowledge.KnowledgeCodeBase object at 0x7ff3afbfb810>
2026-01-29 18:28:50,112 - Knowledge - INFO - Found code-base-name: https://github.com/kavia-common/MERN_Stack_Project_Ecommerce_Hayroo-304863.git:kavia-master
2026-01-29 18:28:50,294 - Knowledge - INFO - Found code_base: <app.utils.kg_build.knowledge.KnowledgeCodeBase object at 0x7ff3afbfb810>
2026-01-29 18:28:50,498 - Knowledge - INFO - persist ingested knowledge for /app/data/T0015/304863/b13420e/MERN_Stack_Project_Ecommerce_Hayroo-304863/server/controller/products.js
2026-01-29 18:28:50,777 - Knowledge - INFO - [MONGODB_OP] Completed: persist, Collection: file_info, Duration: 83ms
2026-01-29 18:28:51,289 - Knowledge - INFO - [REDIS_OP] Completed: store_embedding, Key: server/controller/products.js, Duration: 328ms
2026-01-29 18:28:51,453 - Knowledge - INFO - persist search terms embedding for server/controller/products.js
2026-01-29 18:28:51,613 - Knowledge - INFO - process ingested knowledge for /app/data/T0015/304863/b13420e/MERN_Stack_Project_Ecommerce_Hayroo-304863/server/controller/products.js
2026-01-29 18:28:51,811 - Knowledge - INFO - Found code-base-name: https://github.com/kavia-common/MERN_Stack_Project_Ecommerce_Hayroo-304863.git:kavia-master
2026-01-29 18:28:52,009 - Knowledge - INFO - Found code_base: <app.utils.kg_build.knowledge.KnowledgeCodeBase object at 0x7ff3afbfb810>
2026-01-29 18:28:52,234 - Knowledge - INFO - Found code-base-name: https://github.com/kavia-common/MERN_Stack_Project_Ecommerce_Hayroo-304863.git:kavia-master
2026-01-29 18:28:52,393 - Knowledge - INFO - Found code_base: <app.utils.kg_build.knowledge.KnowledgeCodeBase object at 0x7ff3afbfb810>
2026-01-29 18:28:52,541 - Knowledge - INFO - persist ingested knowledge for /app/data/T0015/304863/b13420e/MERN_Stack_Project_Ecommerce_Hayroo-304863/client/src/components/shop/auth/Login.js
2026-01-29 18:28:52,786 - Knowledge - INFO - [MONGODB_OP] Completed: persist, Collection: file_info, Duration: 89ms
2026-01-29 18:28:53,184 - Knowledge - INFO - [REDIS_OP] Completed: store_embedding, Key: client/src/components/shop/auth/Login.js, Duration: 224ms
2026-01-29 18:28:53,368 - Knowledge - INFO - persist search terms embedding for client/src/components/shop/auth/Login.js
2026-01-29 18:28:53,537 - Knowledge - INFO - process ingested knowledge for /app/data/T0015/304863/b13420e/MERN_Stack_Project_Ecommerce_Hayroo-304863/client/src/components/shop/auth/Login.js
2026-01-29 18:28:53,690 - Knowledge - INFO - Found code-base-name: https://github.com/kavia-common/MERN_Stack_Project_Ecommerce_Hayroo-304863.git:kavia-master
2026-01-29 18:28:53,865 - Knowledge - INFO - Found code_base: <app.utils.kg_build.knowledge.KnowledgeCodeBase object at 0x7ff3afbfb810>
2026-01-29 18:28:54,128 - Knowledge - INFO - Found code-base-name: https://github.com/kavia-common/MERN_Stack_Project_Ecommerce_Hayroo-304863.git:kavia-master
2026-01-29 18:28:54,298 - Knowledge - INFO - Found code_base: <app.utils.kg_build.knowledge.KnowledgeCodeBase object at 0x7ff3afbfb810>
2026-01-29 18:28:54,482 - Knowledge - INFO - persist ingested knowledge for /app/data/T0015/304863/b13420e/MERN_Stack_Project_Ecommerce_Hayroo-304863/server/models/products.js
2026-01-29 18:28:54,758 - Knowledge - INFO - [MONGODB_OP] Completed: persist, Collection: file_info, Duration: 90ms
2026-01-29 18:28:55,166 - Knowledge - INFO - [REDIS_OP] Completed: store_embedding, Key: server/models/products.js, Duration: 256ms
2026-01-29 18:28:55,380 - Knowledge - INFO - persist search terms embedding for server/models/products.js
2026-01-29 18:28:55,565 - Knowledge - INFO - process ingested knowledge for /app/data/T0015/304863/b13420e/MERN_Stack_Project_Ecommerce_Hayroo-304863/server/models/products.js
2026-01-29 18:28:55,767 - Knowledge - INFO - Found code-base-name: https://github.com/kavia-common/MERN_Stack_Project_Ecommerce_Hayroo-304863.git:kavia-master
2026-01-29 18:28:55,968 - Knowledge - INFO - Found code_base: <app.utils.kg_build.knowledge.KnowledgeCodeBase object at 0x7ff3afbfb810>
2026-01-29 18:28:56,283 - Knowledge - INFO - Found code-base-name: https://github.com/kavia-common/MERN_Stack_Project_Ecommerce_Hayroo-304863.git:kavia-master
2026-01-29 18:28:56,504 - Knowledge - INFO - Found code_base: <app.utils.kg_build.knowledge.KnowledgeCodeBase object at 0x7ff3afbfb810>
2026-01-29 18:28:56,698 - Knowledge - INFO - persist ingested knowledge for /app/data/T0015/304863/b13420e/MERN_Stack_Project_Ecommerce_Hayroo-304863/client/src/index.js
2026-01-29 18:28:56,999 - Knowledge - INFO - [MONGODB_OP] Completed: persist, Collection: file_info, Duration: 87ms
2026-01-29 18:28:57,660 - Knowledge - INFO - [REDIS_OP] Completed: store_embedding, Key: client/src/index.js, Duration: 504ms
2026-01-29 18:28:57,832 - Knowledge - INFO - persist search terms embedding for client/src/index.js
2026-01-29 18:28:57,983 - Knowledge - INFO - process ingested knowledge for /app/data/T0015/304863/b13420e/MERN_Stack_Project_Ecommerce_Hayroo-304863/client/src/index.js
2026-01-29 18:28:58,139 - Knowledge - INFO - Found code-base-name: https://github.com/kavia-common/MERN_Stack_Project_Ecommerce_Hayroo-304863.git:kavia-master
2026-01-29 18:28:58,358 - Knowledge - INFO - Found code_base: <app.utils.kg_build.knowledge.KnowledgeCodeBase object at 0x7ff3afbfb810>
2026-01-29 18:28:58,610 - Knowledge - INFO - Found code-base-name: https://github.com/kavia-common/MERN_Stack_Project_Ecommerce_Hayroo-304863.git:kavia-master
2026-01-29 18:28:58,808 - Knowledge - INFO - Found code_base: <app.utils.kg_build.knowledge.KnowledgeCodeBase object at 0x7ff3afbfb810>
2026-01-29 18:28:58,967 - Knowledge - INFO - persist ingested knowledge for /app/data/T0015/304863/b13420e/MERN_Stack_Project_Ecommerce_Hayroo-304863/client/src/components/shop/wishlist/FetchApi.js
2026-01-29 18:28:59,241 - Knowledge - INFO - [MONGODB_OP] Completed: persist, Collection: file_info, Duration: 92ms
2026-01-29 18:28:59,742 - Knowledge - INFO - [REDIS_OP] Completed: store_embedding, Key: client/src/components/shop/wishlist/FetchApi.js, Duration: 290ms
2026-01-29 18:28:59,937 - Knowledge - INFO - persist search terms embedding for client/src/components/shop/wishlist/FetchApi.js
2026-01-29 18:29:00,105 - Knowledge - INFO - process ingested knowledge for /app/data/T0015/304863/b13420e/MERN_Stack_Project_Ecommerce_Hayroo-304863/client/src/components/shop/wishlist/FetchApi.js
2026-01-29 18:29:00,308 - Knowledge - INFO - Found code-base-name: https://github.com/kavia-common/MERN_Stack_Project_Ecommerce_Hayroo-304863.git:kavia-master
2026-01-29 18:29:00,473 - Knowledge - INFO - Found code_base: <app.utils.kg_build.knowledge.KnowledgeCodeBase object at 0x7ff3afbfb810>
2026-01-29 18:29:00,739 - Knowledge - INFO - Found code-base-name: https://github.com/kavia-common/MERN_Stack_Project_Ecommerce_Hayroo-304863.git:kavia-master
2026-01-29 18:29:00,890 - Knowledge - INFO - Found code_base: <app.utils.kg_build.knowledge.KnowledgeCodeBase object at 0x7ff3afbfb810>
2026-01-29 18:29:01,099 - Knowledge - INFO - persist ingested knowledge for /app/data/T0015/304863/b13420e/MERN_Stack_Project_Ecommerce_Hayroo-304863/client/src/components/shop/productDetails/FetchApi.js
2026-01-29 18:29:01,327 - Knowledge - INFO - [MONGODB_OP] Completed: persist, Collection: file_info, Duration: 88ms
2026-01-29 18:29:01,837 - Knowledge - INFO - [REDIS_OP] Completed: store_embedding, Key: client/src/components/shop/productDetails/FetchApi.js, Duration: 331ms
2026-01-29 18:29:02,027 - Knowledge - INFO - persist search terms embedding for client/src/components/shop/productDetails/FetchApi.js
2026-01-29 18:29:02,229 - Knowledge - INFO - process ingested knowledge for /app/data/T0015/304863/b13420e/MERN_Stack_Project_Ecommerce_Hayroo-304863/client/src/components/shop/productDetails/FetchApi.js
2026-01-29 18:29:02,400 - Knowledge - INFO - Found code-base-name: https://github.com/kavia-common/MERN_Stack_Project_Ecommerce_Hayroo-304863.git:kavia-master
2026-01-29 18:29:02,595 - Knowledge - INFO - Found code_base: <app.utils.kg_build.knowledge.KnowledgeCodeBase object at 0x7ff3afbfb810>
2026-01-29 18:29:02,882 - Knowledge - INFO - Found code-base-name: https://github.com/kavia-common/MERN_Stack_Project_Ecommerce_Hayroo-304863.git:kavia-master
2026-01-29 18:29:03,040 - Knowledge - INFO - Found code_base: <app.utils.kg_build.knowledge.KnowledgeCodeBase object at 0x7ff3afbfb810>
2026-01-29 18:29:03,238 - Knowledge - INFO - persist ingested knowledge for /app/data/T0015/304863/b13420e/MERN_Stack_Project_Ecommerce_Hayroo-304863/client/src/components/admin/partials/AdminFooter.js
2026-01-29 18:29:03,549 - Knowledge - INFO - [MONGODB_OP] Completed: persist, Collection: file_info, Duration: 87ms
2026-01-29 18:29:04,154 - Knowledge - INFO - [REDIS_OP] Completed: store_embedding, Key: client/src/components/admin/partials/AdminFooter.js, Duration: 436ms
2026-01-29 18:29:04,348 - Knowledge - INFO - persist search terms embedding for client/src/components/admin/partials/AdminFooter.js
2026-01-29 18:29:04,531 - Knowledge - INFO - process ingested knowledge for /app/data/T0015/304863/b13420e/MERN_Stack_Project_Ecommerce_Hayroo-304863/client/src/components/admin/partials/AdminFooter.js
2026-01-29 18:29:04,693 - Knowledge - INFO - Found code-base-name: https://github.com/kavia-common/MERN_Stack_Project_Ecommerce_Hayroo-304863.git:kavia-master
2026-01-29 18:29:04,863 - Knowledge - INFO - Found code_base: <app.utils.kg_build.knowledge.KnowledgeCodeBase object at 0x7ff3afbfb810>
2026-01-29 18:29:05,088 - Knowledge - INFO - Found code-base-name: https://github.com/kavia-common/MERN_Stack_Project_Ecommerce_Hayroo-304863.git:kavia-master
2026-01-29 18:29:05,288 - Knowledge - INFO - Found code_base: <app.utils.kg_build.knowledge.KnowledgeCodeBase object at 0x7ff3afbfb810>
2026-01-29 18:29:05,514 - Knowledge - INFO - persist ingested knowledge for /app/data/T0015/304863/b13420e/MERN_Stack_Project_Ecommerce_Hayroo-304863/server/routes/users.js
2026-01-29 18:29:05,790 - Knowledge - INFO - [MONGODB_OP] Completed: persist, Collection: file_info, Duration: 85ms
2026-01-29 18:29:06,390 - Knowledge - INFO - [REDIS_OP] Completed: store_embedding, Key: server/routes/users.js, Duration: 394ms
2026-01-29 18:29:06,583 - Knowledge - INFO - persist search terms embedding for server/routes/users.js
2026-01-29 18:29:06,760 - Knowledge - INFO - process ingested knowledge for /app/data/T0015/304863/b13420e/MERN_Stack_Project_Ecommerce_Hayroo-304863/server/routes/users.js
2026-01-29 18:29:06,953 - Knowledge - INFO - Found code-base-name: https://github.com/kavia-common/MERN_Stack_Project_Ecommerce_Hayroo-304863.git:kavia-master
2026-01-29 18:29:07,134 - Knowledge - INFO - Found code_base: <app.utils.kg_build.knowledge.KnowledgeCodeBase object at 0x7ff3afbfb810>
2026-01-29 18:29:07,367 - Knowledge - INFO - Found code-base-name: https://github.com/kavia-common/MERN_Stack_Project_Ecommerce_Hayroo-304863.git:kavia-master
2026-01-29 18:29:07,559 - Knowledge - INFO - Found code_base: <app.utils.kg_build.knowledge.KnowledgeCodeBase object at 0x7ff3afbfb810>
2026-01-29 18:29:07,724 - Knowledge - INFO - persist ingested knowledge for /app/data/T0015/304863/b13420e/MERN_Stack_Project_Ecommerce_Hayroo-304863/client/src/components/admin/products/EditProductModal.js
2026-01-29 18:29:07,994 - Knowledge - INFO - [MONGODB_OP] Completed: persist, Collection: file_info, Duration: 93ms
2026-01-29 18:29:08,474 - Knowledge - INFO - [REDIS_OP] Completed: store_embedding, Key: client/src/components/admin/products/EditProductModal.js, Duration: 329ms
2026-01-29 18:29:08,658 - Knowledge - INFO - persist search terms embedding for client/src/components/admin/products/EditProductModal.js
2026-01-29 18:29:08,848 - Knowledge - INFO - process ingested knowledge for /app/data/T0015/304863/b13420e/MERN_Stack_Project_Ecommerce_Hayroo-304863/client/src/components/admin/products/EditProductModal.js
2026-01-29 18:29:09,004 - Knowledge - INFO - Found code-base-name: https://github.com/kavia-common/MERN_Stack_Project_Ecommerce_Hayroo-304863.git:kavia-master
2026-01-29 18:29:09,209 - Knowledge - INFO - Found code_base: <app.utils.kg_build.knowledge.KnowledgeCodeBase object at 0x7ff3afbfb810>
2026-01-29 18:29:09,436 - Knowledge - INFO - Found code-base-name: https://github.com/kavia-common/MERN_Stack_Project_Ecommerce_Hayroo-304863.git:kavia-master
2026-01-29 18:29:09,668 - Knowledge - INFO - Found code_base: <app.utils.kg_build.knowledge.KnowledgeCodeBase object at 0x7ff3afbfb810>
2026-01-29 18:29:09,864 - Knowledge - INFO - persist ingested knowledge for /app/data/T0015/304863/b13420e/MERN_Stack_Project_Ecommerce_Hayroo-304863/client/src/components/admin/products/FetchApi.js
2026-01-29 18:29:10,141 - Knowledge - INFO - [MONGODB_OP] Completed: persist, Collection: file_info, Duration: 87ms
2026-01-29 18:29:10,541 - Knowledge - INFO - [REDIS_OP] Completed: store_embedding, Key: client/src/components/admin/products/FetchApi.js, Duration: 216ms
2026-01-29 18:29:10,767 - Knowledge - INFO - persist search terms embedding for client/src/components/admin/products/FetchApi.js
2026-01-29 18:29:10,974 - Knowledge - INFO - process ingested knowledge for /app/data/T0015/304863/b13420e/MERN_Stack_Project_Ecommerce_Hayroo-304863/client/src/components/admin/products/FetchApi.js
2026-01-29 18:29:11,168 - Knowledge - INFO - Found code-base-name: https://github.com/kavia-common/MERN_Stack_Project_Ecommerce_Hayroo-304863.git:kavia-master
2026-01-29 18:29:11,353 - Knowledge - INFO - Found code_base: <app.utils.kg_build.knowledge.KnowledgeCodeBase object at 0x7ff3afbfb810>
2026-01-29 18:29:11,586 - Knowledge - INFO - Found code-base-name: https://github.com/kavia-common/MERN_Stack_Project_Ecommerce_Hayroo-304863.git:kavia-master
2026-01-29 18:29:11,770 - Knowledge - INFO - Found code_base: <app.utils.kg_build.knowledge.KnowledgeCodeBase object at 0x7ff3afbfb810>
2026-01-29 18:29:11,912 - Knowledge - INFO - persist ingested knowledge for /app/data/T0015/304863/b13420e/MERN_Stack_Project_Ecommerce_Hayroo-304863/client/src/components/shop/partials/CartModal.js
2026-01-29 18:29:12,155 - Knowledge - INFO - [MONGODB_OP] Completed: persist, Collection: file_info, Duration: 86ms
2026-01-29 18:29:12,608 - Knowledge - INFO - [REDIS_OP] Completed: store_embedding, Key: client/src/components/shop/partials/CartModal.js, Duration: 277ms
2026-01-29 18:29:12,772 - Knowledge - INFO - persist search terms embedding for client/src/components/shop/partials/CartModal.js
2026-01-29 18:29:12,930 - Knowledge - INFO - process ingested knowledge for /app/data/T0015/304863/b13420e/MERN_Stack_Project_Ecommerce_Hayroo-304863/client/src/components/shop/partials/CartModal.js
2026-01-29 18:29:13,125 - Knowledge - INFO - Found code-base-name: https://github.com/kavia-common/MERN_Stack_Project_Ecommerce_Hayroo-304863.git:kavia-master
2026-01-29 18:29:13,289 - Knowledge - INFO - Found code_base: <app.utils.kg_build.knowledge.KnowledgeCodeBase object at 0x7ff3afbfb810>
2026-01-29 18:29:13,531 - Knowledge - INFO - Found code-base-name: https://github.com/kavia-common/MERN_Stack_Project_Ecommerce_Hayroo-304863.git:kavia-master
2026-01-29 18:29:13,694 - Knowledge - INFO - Found code_base: <app.utils.kg_build.knowledge.KnowledgeCodeBase object at 0x7ff3afbfb810>
2026-01-29 18:29:13,913 - Knowledge - INFO - persist ingested knowledge for /app/data/T0015/304863/b13420e/MERN_Stack_Project_Ecommerce_Hayroo-304863/client/src/components/shop/dashboardUser/UserProfile.js
2026-01-29 18:29:14,201 - Knowledge - INFO - [MONGODB_OP] Completed: persist, Collection: file_info, Duration: 93ms
2026-01-29 18:29:14,583 - Knowledge - INFO - [REDIS_OP] Completed: store_embedding, Key: client/src/components/shop/dashboardUser/UserProfile.js, Duration: 186ms
2026-01-29 18:29:14,777 - Knowledge - INFO - persist search terms embedding for client/src/components/shop/dashboardUser/UserProfile.js
2026-01-29 18:29:14,942 - Knowledge - INFO - process ingested knowledge for /app/data/T0015/304863/b13420e/MERN_Stack_Project_Ecommerce_Hayroo-304863/client/src/components/shop/dashboardUser/UserProfile.js
2026-01-29 18:29:15,101 - Knowledge - INFO - Found code-base-name: https://github.com/kavia-common/MERN_Stack_Project_Ecommerce_Hayroo-304863.git:kavia-master
2026-01-29 18:29:15,264 - Knowledge - INFO - Found code_base: <app.utils.kg_build.knowledge.KnowledgeCodeBase object at 0x7ff3afbfb810>
2026-01-29 18:29:15,488 - Knowledge - INFO - Found code-base-name: https://github.com/kavia-common/MERN_Stack_Project_Ecommerce_Hayroo-304863.git:kavia-master
2026-01-29 18:29:15,678 - Knowledge - INFO - Found code_base: <app.utils.kg_build.knowledge.KnowledgeCodeBase object at 0x7ff3afbfb810>
2026-01-29 18:29:15,879 - Knowledge - INFO - persist ingested knowledge for /app/data/T0015/304863/b13420e/MERN_Stack_Project_Ecommerce_Hayroo-304863/client/src/components/shop/home/HomeContext.js
2026-01-29 18:29:16,181 - Knowledge - INFO - [MONGODB_OP] Completed: persist, Collection: file_info, Duration: 83ms
2026-01-29 18:29:18,084 - Knowledge - INFO - [REDIS_OP] Completed: store_embedding, Key: client/src/components/shop/home/HomeContext.js, Duration: 1702ms
2026-01-29 18:29:18,253 - Knowledge - INFO - persist search terms embedding for client/src/components/shop/home/HomeContext.js
2026-01-29 18:29:18,451 - Knowledge - INFO - process ingested knowledge for /app/data/T0015/304863/b13420e/MERN_Stack_Project_Ecommerce_Hayroo-304863/client/src/components/shop/home/HomeContext.js
2026-01-29 18:29:18,653 - Knowledge - INFO - Found code-base-name: https://github.com/kavia-common/MERN_Stack_Project_Ecommerce_Hayroo-304863.git:kavia-master
2026-01-29 18:29:18,844 - Knowledge - INFO - Found code_base: <app.utils.kg_build.knowledge.KnowledgeCodeBase object at 0x7ff3afbfb810>
2026-01-29 18:29:19,136 - Knowledge - INFO - Found code-base-name: https://github.com/kavia-common/MERN_Stack_Project_Ecommerce_Hayroo-304863.git:kavia-master
2026-01-29 18:29:19,338 - Knowledge - INFO - Found code_base: <app.utils.kg_build.knowledge.KnowledgeCodeBase object at 0x7ff3afbfb810>
2026-01-29 18:29:19,486 - Knowledge - INFO - persist ingested knowledge for /app/data/T0015/304863/b13420e/MERN_Stack_Project_Ecommerce_Hayroo-304863/server/routes/auth.js
2026-01-29 18:29:19,806 - Knowledge - INFO - [MONGODB_OP] Completed: persist, Collection: file_info, Duration: 102ms
2026-01-29 18:29:20,220 - Knowledge - INFO - [REDIS_OP] Completed: store_embedding, Key: server/routes/auth.js, Duration: 229ms
2026-01-29 18:29:20,413 - Knowledge - INFO - persist search terms embedding for server/routes/auth.js
2026-01-29 18:29:20,572 - Knowledge - INFO - process ingested knowledge for /app/data/T0015/304863/b13420e/MERN_Stack_Project_Ecommerce_Hayroo-304863/server/routes/auth.js
2026-01-29 18:29:20,734 - Knowledge - INFO - Found code-base-name: https://github.com/kavia-common/MERN_Stack_Project_Ecommerce_Hayroo-304863.git:kavia-master
2026-01-29 18:29:20,906 - Knowledge - INFO - Found code_base: <app.utils.kg_build.knowledge.KnowledgeCodeBase object at 0x7ff3afbfb810>
2026-01-29 18:29:21,135 - Knowledge - INFO - Found code-base-name: https://github.com/kavia-common/MERN_Stack_Project_Ecommerce_Hayroo-304863.git:kavia-master
2026-01-29 18:29:21,314 - Knowledge - INFO - Found code_base: <app.utils.kg_build.knowledge.KnowledgeCodeBase object at 0x7ff3afbfb810>
2026-01-29 18:29:21,498 - Knowledge - INFO - persist ingested knowledge for /app/data/T0015/304863/b13420e/MERN_Stack_Project_Ecommerce_Hayroo-304863/client/public/style.css
2026-01-29 18:29:21,783 - Knowledge - INFO - [MONGODB_OP] Completed: persist, Collection: file_info, Duration: 91ms
2026-01-29 18:29:22,272 - Knowledge - INFO - [REDIS_OP] Completed: store_embedding, Key: client/public/style.css, Duration: 289ms
2026-01-29 18:29:22,442 - Knowledge - INFO - persist search terms embedding for client/public/style.css
2026-01-29 18:29:22,607 - Knowledge - INFO - process ingested knowledge for /app/data/T0015/304863/b13420e/MERN_Stack_Project_Ecommerce_Hayroo-304863/client/public/style.css
2026-01-29 18:29:22,785 - Knowledge - INFO - Found code-base-name: https://github.com/kavia-common/MERN_Stack_Project_Ecommerce_Hayroo-304863.git:kavia-master
2026-01-29 18:29:22,956 - Knowledge - INFO - Found code_base: <app.utils.kg_build.knowledge.KnowledgeCodeBase object at 0x7ff3afbfb810>
2026-01-29 18:29:23,204 - Knowledge - INFO - Found code-base-name: https://github.com/kavia-common/MERN_Stack_Project_Ecommerce_Hayroo-304863.git:kavia-master
2026-01-29 18:29:23,381 - Knowledge - INFO - Found code_base: <app.utils.kg_build.knowledge.KnowledgeCodeBase object at 0x7ff3afbfb810>
2026-01-29 18:29:23,573 - Knowledge - INFO - persist ingested knowledge for /app/data/T0015/304863/b13420e/MERN_Stack_Project_Ecommerce_Hayroo-304863/client/src/components/shop/wishlist/index.js
2026-01-29 18:29:23,845 - Knowledge - INFO - [MONGODB_OP] Completed: persist, Collection: file_info, Duration: 85ms
2026-01-29 18:29:24,212 - Knowledge - INFO - [REDIS_OP] Completed: store_embedding, Key: client/src/components/shop/wishlist/index.js, Duration: 202ms
2026-01-29 18:29:24,399 - Knowledge - INFO - persist search terms embedding for client/src/components/shop/wishlist/index.js
2026-01-29 18:29:24,557 - Knowledge - INFO - process ingested knowledge for /app/data/T0015/304863/b13420e/MERN_Stack_Project_Ecommerce_Hayroo-304863/client/src/components/shop/wishlist/index.js
2026-01-29 18:29:24,713 - Knowledge - INFO - Found code-base-name: https://github.com/kavia-common/MERN_Stack_Project_Ecommerce_Hayroo-304863.git:kavia-master
2026-01-29 18:29:24,905 - Knowledge - INFO - Found code_base: <app.utils.kg_build.knowledge.KnowledgeCodeBase object at 0x7ff3afbfb810>
2026-01-29 18:29:25,162 - Knowledge - INFO - Found code-base-name: https://github.com/kavia-common/MERN_Stack_Project_Ecommerce_Hayroo-304863.git:kavia-master
2026-01-29 18:29:25,321 - Knowledge - INFO - Found code_base: <app.utils.kg_build.knowledge.KnowledgeCodeBase object at 0x7ff3afbfb810>
2026-01-29 18:29:25,498 - Knowledge - INFO - persist ingested knowledge for /app/data/T0015/304863/b13420e/MERN_Stack_Project_Ecommerce_Hayroo-304863/client/src/components/shop/productDetails/index.js
2026-01-29 18:29:25,774 - Knowledge - INFO - [MONGODB_OP] Completed: persist, Collection: file_info, Duration: 109ms
2026-01-29 18:29:26,189 - Knowledge - INFO - [REDIS_OP] Completed: store_embedding, Key: client/src/components/shop/productDetails/index.js, Duration: 208ms
2026-01-29 18:29:26,331 - Knowledge - INFO - persist search terms embedding for client/src/components/shop/productDetails/index.js
2026-01-29 18:29:26,527 - Knowledge - INFO - process ingested knowledge for /app/data/T0015/304863/b13420e/MERN_Stack_Project_Ecommerce_Hayroo-304863/client/src/components/shop/productDetails/index.js
2026-01-29 18:29:26,703 - Knowledge - INFO - Found code-base-name: https://github.com/kavia-common/MERN_Stack_Project_Ecommerce_Hayroo-304863.git:kavia-master
2026-01-29 18:29:26,853 - Knowledge - INFO - Found code_base: <app.utils.kg_build.knowledge.KnowledgeCodeBase object at 0x7ff3afbfb810>
2026-01-29 18:29:27,142 - Knowledge - INFO - Found code-base-name: https://github.com/kavia-common/MERN_Stack_Project_Ecommerce_Hayroo-304863.git:kavia-master
2026-01-29 18:29:27,337 - Knowledge - INFO - Found code_base: <app.utils.kg_build.knowledge.KnowledgeCodeBase object at 0x7ff3afbfb810>
2026-01-29 18:29:27,537 - Knowledge - INFO - persist ingested knowledge for /app/data/T0015/304863/b13420e/MERN_Stack_Project_Ecommerce_Hayroo-304863/server/config/db.js
2026-01-29 18:29:27,792 - Knowledge - INFO - [MONGODB_OP] Completed: persist, Collection: file_info, Duration: 90ms
2026-01-29 18:29:28,341 - Knowledge - INFO - [REDIS_OP] Completed: store_embedding, Key: server/config/db.js, Duration: 366ms
2026-01-29 18:29:28,522 - Knowledge - INFO - persist search terms embedding for server/config/db.js
2026-01-29 18:29:28,704 - Knowledge - INFO - process ingested knowledge for /app/data/T0015/304863/b13420e/MERN_Stack_Project_Ecommerce_Hayroo-304863/server/config/db.js
2026-01-29 18:29:28,913 - Knowledge - INFO - Found code-base-name: https://github.com/kavia-common/MERN_Stack_Project_Ecommerce_Hayroo-304863.git:kavia-master
2026-01-29 18:29:29,125 - Knowledge - INFO - Found code_base: <app.utils.kg_build.knowledge.KnowledgeCodeBase object at 0x7ff3afbfb810>
2026-01-29 18:29:29,366 - Knowledge - INFO - Found code-base-name: https://github.com/kavia-common/MERN_Stack_Project_Ecommerce_Hayroo-304863.git:kavia-master
2026-01-29 18:29:29,535 - Knowledge - INFO - Found code_base: <app.utils.kg_build.knowledge.KnowledgeCodeBase object at 0x7ff3afbfb810>
2026-01-29 18:29:29,726 - Knowledge - INFO - persist ingested knowledge for /app/data/T0015/304863/b13420e/MERN_Stack_Project_Ecommerce_Hayroo-304863/client/src/components/admin/orders/OrderContext.js
2026-01-29 18:29:30,058 - Knowledge - INFO - [MONGODB_OP] Completed: persist, Collection: file_info, Duration: 95ms
2026-01-29 18:29:30,418 - Knowledge - INFO - [REDIS_OP] Completed: store_embedding, Key: client/src/components/admin/orders/OrderContext.js, Duration: 220ms
2026-01-29 18:29:30,631 - Knowledge - INFO - persist search terms embedding for client/src/components/admin/orders/OrderContext.js
2026-01-29 18:29:30,815 - Knowledge - INFO - process ingested knowledge for /app/data/T0015/304863/b13420e/MERN_Stack_Project_Ecommerce_Hayroo-304863/client/src/components/admin/orders/OrderContext.js
2026-01-29 18:29:30,991 - Knowledge - INFO - Found code-base-name: https://github.com/kavia-common/MERN_Stack_Project_Ecommerce_Hayroo-304863.git:kavia-master
2026-01-29 18:29:31,158 - Knowledge - INFO - Found code_base: <app.utils.kg_build.knowledge.KnowledgeCodeBase object at 0x7ff3afbfb810>
2026-01-29 18:29:31,373 - Knowledge - INFO - Found code-base-name: https://github.com/kavia-common/MERN_Stack_Project_Ecommerce_Hayroo-304863.git:kavia-master
2026-01-29 18:29:31,551 - Knowledge - INFO - Found code_base: <app.utils.kg_build.knowledge.KnowledgeCodeBase object at 0x7ff3afbfb810>
2026-01-29 18:29:31,713 - Knowledge - INFO - persist ingested knowledge for /app/data/T0015/304863/b13420e/MERN_Stack_Project_Ecommerce_Hayroo-304863/client/src/components/shop/partials/Footer.js
2026-01-29 18:29:31,968 - Knowledge - INFO - [MONGODB_OP] Completed: persist, Collection: file_info, Duration: 82ms
2026-01-29 18:29:32,364 - Knowledge - INFO - [REDIS_OP] Completed: store_embedding, Key: client/src/components/shop/partials/Footer.js, Duration: 225ms
2026-01-29 18:29:32,544 - Knowledge - INFO - persist search terms embedding for client/src/components/shop/partials/Footer.js
2026-01-29 18:29:32,698 - Knowledge - INFO - process ingested knowledge for /app/data/T0015/304863/b13420e/MERN_Stack_Project_Ecommerce_Hayroo-304863/client/src/components/shop/partials/Footer.js
2026-01-29 18:29:32,867 - Knowledge - INFO - Found code-base-name: https://github.com/kavia-common/MERN_Stack_Project_Ecommerce_Hayroo-304863.git:kavia-master
2026-01-29 18:29:33,055 - Knowledge - INFO - Found code_base: <app.utils.kg_build.knowledge.KnowledgeCodeBase object at 0x7ff3afbfb810>
2026-01-29 18:29:33,305 - Knowledge - INFO - Found code-base-name: https://github.com/kavia-common/MERN_Stack_Project_Ecommerce_Hayroo-304863.git:kavia-master
2026-01-29 18:29:33,478 - Knowledge - INFO - Found code_base: <app.utils.kg_build.knowledge.KnowledgeCodeBase object at 0x7ff3afbfb810>
2026-01-29 18:29:33,636 - Knowledge - INFO - persist ingested knowledge for /app/data/T0015/304863/b13420e/MERN_Stack_Project_Ecommerce_Hayroo-304863/client/src/components/shop/order/CheckoutPage.js
2026-01-29 18:29:33,918 - Knowledge - INFO - [MONGODB_OP] Completed: persist, Collection: file_info, Duration: 83ms
2026-01-29 18:29:34,322 - Knowledge - INFO - [REDIS_OP] Completed: store_embedding, Key: client/src/components/shop/order/CheckoutPage.js, Duration: 239ms
2026-01-29 18:29:34,480 - Knowledge - INFO - persist search terms embedding for client/src/components/shop/order/CheckoutPage.js
2026-01-29 18:29:34,666 - Knowledge - INFO - process ingested knowledge for /app/data/T0015/304863/b13420e/MERN_Stack_Project_Ecommerce_Hayroo-304863/client/src/components/shop/order/CheckoutPage.js
2026-01-29 18:29:34,863 - Knowledge - INFO - Found code-base-name: https://github.com/kavia-common/MERN_Stack_Project_Ecommerce_Hayroo-304863.git:kavia-master
2026-01-29 18:29:35,056 - Knowledge - INFO - Found code_base: <app.utils.kg_build.knowledge.KnowledgeCodeBase object at 0x7ff3afbfb810>
2026-01-29 18:29:35,293 - Knowledge - INFO - Found code-base-name: https://github.com/kavia-common/MERN_Stack_Project_Ecommerce_Hayroo-304863.git:kavia-master
2026-01-29 18:29:35,502 - Knowledge - INFO - Found code_base: <app.utils.kg_build.knowledge.KnowledgeCodeBase object at 0x7ff3afbfb810>
2026-01-29 18:29:35,673 - Knowledge - INFO - persist ingested knowledge for /app/data/T0015/304863/b13420e/MERN_Stack_Project_Ecommerce_Hayroo-304863/client/src/components/admin/orders/OrderMenu.js
2026-01-29 18:29:35,951 - Knowledge - INFO - [MONGODB_OP] Completed: persist, Collection: file_info, Duration: 88ms
2026-01-29 18:29:37,130 - Knowledge - INFO - [REDIS_OP] Completed: store_embedding, Key: client/src/components/admin/orders/OrderMenu.js, Duration: 1013ms
2026-01-29 18:29:37,293 - Knowledge - INFO - persist search terms embedding for client/src/components/admin/orders/OrderMenu.js
2026-01-29 18:29:37,462 - Knowledge - INFO - process ingested knowledge for /app/data/T0015/304863/b13420e/MERN_Stack_Project_Ecommerce_Hayroo-304863/client/src/components/admin/orders/OrderMenu.js
2026-01-29 18:29:37,677 - Knowledge - INFO - Found code-base-name: https://github.com/kavia-common/MERN_Stack_Project_Ecommerce_Hayroo-304863.git:kavia-master
2026-01-29 18:29:37,838 - Knowledge - INFO - Found code_base: <app.utils.kg_build.knowledge.KnowledgeCodeBase object at 0x7ff3afbfb810>
2026-01-29 18:29:38,095 - Knowledge - INFO - Found code-base-name: https://github.com/kavia-common/MERN_Stack_Project_Ecommerce_Hayroo-304863.git:kavia-master
2026-01-29 18:29:38,312 - Knowledge - INFO - Found code_base: <app.utils.kg_build.knowledge.KnowledgeCodeBase object at 0x7ff3afbfb810>
2026-01-29 18:29:38,509 - Knowledge - INFO - persist ingested knowledge for /app/data/T0015/304863/b13420e/MERN_Stack_Project_Ecommerce_Hayroo-304863/server/config/function.js
2026-01-29 18:29:38,783 - Knowledge - INFO - [MONGODB_OP] Completed: persist, Collection: file_info, Duration: 87ms
2026-01-29 18:29:39,213 - Knowledge - INFO - [REDIS_OP] Completed: store_embedding, Key: server/config/function.js, Duration: 238ms
2026-01-29 18:29:39,378 - Knowledge - INFO - persist search terms embedding for server/config/function.js
2026-01-29 18:29:39,531 - Knowledge - INFO - process ingested knowledge for /app/data/T0015/304863/b13420e/MERN_Stack_Project_Ecommerce_Hayroo-304863/server/config/function.js
2026-01-29 18:29:39,685 - Knowledge - INFO - Found code-base-name: https://github.com/kavia-common/MERN_Stack_Project_Ecommerce_Hayroo-304863.git:kavia-master
2026-01-29 18:29:39,866 - Knowledge - INFO - Found code_base: <app.utils.kg_build.knowledge.KnowledgeCodeBase object at 0x7ff3afbfb810>
2026-01-29 18:29:40,158 - Knowledge - INFO - Found code-base-name: https://github.com/kavia-common/MERN_Stack_Project_Ecommerce_Hayroo-304863.git:kavia-master
2026-01-29 18:29:40,341 - Knowledge - INFO - Found code_base: <app.utils.kg_build.knowledge.KnowledgeCodeBase object at 0x7ff3afbfb810>
2026-01-29 18:29:40,499 - Knowledge - INFO - persist ingested knowledge for /app/data/T0015/304863/b13420e/MERN_Stack_Project_Ecommerce_Hayroo-304863/client/src/components/shop/productDetails/Mixins.js
2026-01-29 18:29:40,740 - Knowledge - INFO - [MONGODB_OP] Completed: persist, Collection: file_info, Duration: 88ms
2026-01-29 18:29:41,133 - Knowledge - INFO - [REDIS_OP] Completed: store_embedding, Key: client/src/components/shop/productDetails/Mixins.js, Duration: 207ms
2026-01-29 18:29:41,306 - Knowledge - INFO - persist search terms embedding for client/src/components/shop/productDetails/Mixins.js
2026-01-29 18:29:41,459 - Knowledge - INFO - process ingested knowledge for /app/data/T0015/304863/b13420e/MERN_Stack_Project_Ecommerce_Hayroo-304863/client/src/components/shop/productDetails/Mixins.js
2026-01-29 18:29:41,688 - Knowledge - INFO - Found code-base-name: https://github.com/kavia-common/MERN_Stack_Project_Ecommerce_Hayroo-304863.git:kavia-master
2026-01-29 18:29:41,846 - Knowledge - INFO - Found code_base: <app.utils.kg_build.knowledge.KnowledgeCodeBase object at 0x7ff3afbfb810>
2026-01-29 18:29:42,123 - Knowledge - INFO - Found code-base-name: https://github.com/kavia-common/MERN_Stack_Project_Ecommerce_Hayroo-304863.git:kavia-master
2026-01-29 18:29:42,270 - Knowledge - INFO - Found code_base: <app.utils.kg_build.knowledge.KnowledgeCodeBase object at 0x7ff3afbfb810>
2026-01-29 18:29:42,454 - Knowledge - INFO - persist ingested knowledge for /app/data/T0015/304863/b13420e/MERN_Stack_Project_Ecommerce_Hayroo-304863/client/src/components/shop/dashboardUser/index.js
2026-01-29 18:29:42,736 - Knowledge - INFO - [MONGODB_OP] Completed: persist, Collection: file_info, Duration: 97ms
2026-01-29 18:29:43,225 - Knowledge - INFO - [REDIS_OP] Completed: store_embedding, Key: client/src/components/shop/dashboardUser/index.js, Duration: 266ms
2026-01-29 18:29:43,411 - Knowledge - INFO - persist search terms embedding for client/src/components/shop/dashboardUser/index.js
2026-01-29 18:29:43,578 - Knowledge - INFO - process ingested knowledge for /app/data/T0015/304863/b13420e/MERN_Stack_Project_Ecommerce_Hayroo-304863/client/src/components/shop/dashboardUser/index.js
2026-01-29 18:29:43,813 - Knowledge - INFO - Found code-base-name: https://github.com/kavia-common/MERN_Stack_Project_Ecommerce_Hayroo-304863.git:kavia-master
2026-01-29 18:29:44,003 - Knowledge - INFO - Found code_base: <app.utils.kg_build.knowledge.KnowledgeCodeBase object at 0x7ff3afbfb810>
2026-01-29 18:29:44,252 - Knowledge - INFO - Found code-base-name: https://github.com/kavia-common/MERN_Stack_Project_Ecommerce_Hayroo-304863.git:kavia-master
2026-01-29 18:29:44,393 - Knowledge - INFO - Found code_base: <app.utils.kg_build.knowledge.KnowledgeCodeBase object at 0x7ff3afbfb810>
2026-01-29 18:29:44,574 - Knowledge - INFO - persist ingested knowledge for /app/data/T0015/304863/b13420e/MERN_Stack_Project_Ecommerce_Hayroo-304863/client/src/components/admin/orders/Actions.js
2026-01-29 18:29:44,825 - Knowledge - INFO - [MONGODB_OP] Completed: persist, Collection: file_info, Duration: 86ms
2026-01-29 18:29:45,244 - Knowledge - INFO - [REDIS_OP] Completed: store_embedding, Key: client/src/components/admin/orders/Actions.js, Duration: 249ms
2026-01-29 18:29:45,440 - Knowledge - INFO - persist search terms embedding for client/src/components/admin/orders/Actions.js
2026-01-29 18:29:45,602 - Knowledge - INFO - process ingested knowledge for /app/data/T0015/304863/b13420e/MERN_Stack_Project_Ecommerce_Hayroo-304863/client/src/components/admin/orders/Actions.js
2026-01-29 18:29:45,753 - Knowledge - INFO - Found code-base-name: https://github.com/kavia-common/MERN_Stack_Project_Ecommerce_Hayroo-304863.git:kavia-master
2026-01-29 18:29:45,917 - Knowledge - INFO - Found code_base: <app.utils.kg_build.knowledge.KnowledgeCodeBase object at 0x7ff3afbfb810>
2026-01-29 18:29:46,141 - Knowledge - INFO - Found code-base-name: https://github.com/kavia-common/MERN_Stack_Project_Ecommerce_Hayroo-304863.git:kavia-master
2026-01-29 18:29:46,338 - Knowledge - INFO - Found code_base: <app.utils.kg_build.knowledge.KnowledgeCodeBase object at 0x7ff3afbfb810>
2026-01-29 18:29:46,507 - Knowledge - INFO - persist ingested knowledge for /app/data/T0015/304863/b13420e/MERN_Stack_Project_Ecommerce_Hayroo-304863/client/src/components/shop/dashboardUser/Layout.js
2026-01-29 18:29:46,786 - Knowledge - INFO - [MONGODB_OP] Completed: persist, Collection: file_info, Duration: 101ms
2026-01-29 18:29:47,194 - Knowledge - INFO - [REDIS_OP] Completed: store_embedding, Key: client/src/components/shop/dashboardUser/Layout.js, Duration: 258ms
2026-01-29 18:29:47,430 - Knowledge - INFO - persist search terms embedding for client/src/components/shop/dashboardUser/Layout.js
2026-01-29 18:29:47,655 - Knowledge - INFO - process ingested knowledge for /app/data/T0015/304863/b13420e/MERN_Stack_Project_Ecommerce_Hayroo-304863/client/src/components/shop/dashboardUser/Layout.js
2026-01-29 18:29:47,868 - Knowledge - INFO - Found code-base-name: https://github.com/kavia-common/MERN_Stack_Project_Ecommerce_Hayroo-304863.git:kavia-master
2026-01-29 18:29:48,020 - Knowledge - INFO - Found code_base: <app.utils.kg_build.knowledge.KnowledgeCodeBase object at 0x7ff3afbfb810>
2026-01-29 18:29:48,327 - Knowledge - INFO - Found code-base-name: https://github.com/kavia-common/MERN_Stack_Project_Ecommerce_Hayroo-304863.git:kavia-master
2026-01-29 18:29:48,528 - Knowledge - INFO - Found code_base: <app.utils.kg_build.knowledge.KnowledgeCodeBase object at 0x7ff3afbfb810>
2026-01-29 18:29:48,704 - Knowledge - INFO - persist ingested knowledge for /app/data/T0015/304863/b13420e/MERN_Stack_Project_Ecommerce_Hayroo-304863/client/src/components/shop/auth/CartProtectedRoute.js
2026-01-29 18:29:48,987 - Knowledge - INFO - [MONGODB_OP] Completed: persist, Collection: file_info, Duration: 89ms
2026-01-29 18:29:49,434 - Knowledge - INFO - [REDIS_OP] Completed: store_embedding, Key: client/src/components/shop/auth/CartProtectedRoute.js, Duration: 256ms
2026-01-29 18:29:49,592 - Knowledge - INFO - persist search terms embedding for client/src/components/shop/auth/CartProtectedRoute.js
2026-01-29 18:29:49,755 - Knowledge - INFO - process ingested knowledge for /app/data/T0015/304863/b13420e/MERN_Stack_Project_Ecommerce_Hayroo-304863/client/src/components/shop/auth/CartProtectedRoute.js
2026-01-29 18:29:49,916 - Knowledge - INFO - Found code-base-name: https://github.com/kavia-common/MERN_Stack_Project_Ecommerce_Hayroo-304863.git:kavia-master
2026-01-29 18:29:50,088 - Knowledge - INFO - Found code_base: <app.utils.kg_build.knowledge.KnowledgeCodeBase object at 0x7ff3afbfb810>
2026-01-29 18:29:50,306 - Knowledge - INFO - Found code-base-name: https://github.com/kavia-common/MERN_Stack_Project_Ecommerce_Hayroo-304863.git:kavia-master
2026-01-29 18:29:50,482 - Knowledge - INFO - Found code_base: <app.utils.kg_build.knowledge.KnowledgeCodeBase object at 0x7ff3afbfb810>
2026-01-29 18:29:50,728 - Knowledge - INFO - persist ingested knowledge for /app/data/T0015/304863/b13420e/MERN_Stack_Project_Ecommerce_Hayroo-304863/client/src/components/shop/dashboardUser/UserOrders.js
2026-01-29 18:29:50,988 - Knowledge - INFO - [MONGODB_OP] Completed: persist, Collection: file_info, Duration: 91ms
2026-01-29 18:29:51,409 - Knowledge - INFO - [REDIS_OP] Completed: store_embedding, Key: client/src/components/shop/dashboardUser/UserOrders.js, Duration: 259ms
2026-01-29 18:29:51,593 - Knowledge - INFO - persist search terms embedding for client/src/components/shop/dashboardUser/UserOrders.js
2026-01-29 18:29:51,798 - Knowledge - INFO - process ingested knowledge for /app/data/T0015/304863/b13420e/MERN_Stack_Project_Ecommerce_Hayroo-304863/client/src/components/shop/dashboardUser/UserOrders.js
2026-01-29 18:29:51,992 - Knowledge - INFO - Found code-base-name: https://github.com/kavia-common/MERN_Stack_Project_Ecommerce_Hayroo-304863.git:kavia-master
2026-01-29 18:29:52,195 - Knowledge - INFO - Found code_base: <app.utils.kg_build.knowledge.KnowledgeCodeBase object at 0x7ff3afbfb810>
2026-01-29 18:29:52,417 - Knowledge - INFO - Found code-base-name: https://github.com/kavia-common/MERN_Stack_Project_Ecommerce_Hayroo-304863.git:kavia-master
2026-01-29 18:29:52,612 - Knowledge - INFO - Found code_base: <app.utils.kg_build.knowledge.KnowledgeCodeBase object at 0x7ff3afbfb810>
2026-01-29 18:29:52,806 - Knowledge - INFO - persist ingested knowledge for /app/data/T0015/304863/b13420e/MERN_Stack_Project_Ecommerce_Hayroo-304863/client/src/components/shop/dashboardUser/Action.js
2026-01-29 18:29:53,047 - Knowledge - INFO - [MONGODB_OP] Completed: persist, Collection: file_info, Duration: 88ms
2026-01-29 18:29:53,750 - Knowledge - INFO - [REDIS_OP] Completed: store_embedding, Key: client/src/components/shop/dashboardUser/Action.js, Duration: 496ms
2026-01-29 18:29:53,922 - Knowledge - INFO - persist search terms embedding for client/src/components/shop/dashboardUser/Action.js
2026-01-29 18:29:54,130 - Knowledge - INFO - process ingested knowledge for /app/data/T0015/304863/b13420e/MERN_Stack_Project_Ecommerce_Hayroo-304863/client/src/components/shop/dashboardUser/Action.js
2026-01-29 18:29:54,304 - Knowledge - INFO - Found code-base-name: https://github.com/kavia-common/MERN_Stack_Project_Ecommerce_Hayroo-304863.git:kavia-master
2026-01-29 18:29:54,497 - Knowledge - INFO - Found code_base: <app.utils.kg_build.knowledge.KnowledgeCodeBase object at 0x7ff3afbfb810>
2026-01-29 18:29:54,773 - Knowledge - INFO - Found code-base-name: https://github.com/kavia-common/MERN_Stack_Project_Ecommerce_Hayroo-304863.git:kavia-master
2026-01-29 18:29:54,914 - Knowledge - INFO - Found code_base: <app.utils.kg_build.knowledge.KnowledgeCodeBase object at 0x7ff3afbfb810>
2026-01-29 18:29:55,075 - Knowledge - INFO - persist ingested knowledge for /app/data/T0015/304863/b13420e/MERN_Stack_Project_Ecommerce_Hayroo-304863/server/config/keys.js
2026-01-29 18:29:55,374 - Knowledge - INFO - [MONGODB_OP] Completed: persist, Collection: file_info, Duration: 82ms
2026-01-29 18:29:55,958 - Knowledge - INFO - [REDIS_OP] Completed: store_embedding, Key: server/config/keys.js, Duration: 377ms
2026-01-29 18:29:56,115 - Knowledge - INFO - persist search terms embedding for server/config/keys.js
2026-01-29 18:29:56,322 - Knowledge - INFO - process ingested knowledge for /app/data/T0015/304863/b13420e/MERN_Stack_Project_Ecommerce_Hayroo-304863/server/config/keys.js
2026-01-29 18:29:56,515 - Knowledge - INFO - Found code-base-name: https://github.com/kavia-common/MERN_Stack_Project_Ecommerce_Hayroo-304863.git:kavia-master
2026-01-29 18:29:56,705 - Knowledge - INFO - Found code_base: <app.utils.kg_build.knowledge.KnowledgeCodeBase object at 0x7ff3afbfb810>
2026-01-29 18:29:56,986 - Knowledge - INFO - Found code-base-name: https://github.com/kavia-common/MERN_Stack_Project_Ecommerce_Hayroo-304863.git:kavia-master
2026-01-29 18:29:57,190 - Knowledge - INFO - Found code_base: <app.utils.kg_build.knowledge.KnowledgeCodeBase object at 0x7ff3afbfb810>
2026-01-29 18:29:57,370 - Knowledge - INFO - persist ingested knowledge for /app/data/T0015/304863/b13420e/MERN_Stack_Project_Ecommerce_Hayroo-304863/client/src/components/shop/productDetails/Action.js
2026-01-29 18:29:57,646 - Knowledge - INFO - [MONGODB_OP] Completed: persist, Collection: file_info, Duration: 83ms
2026-01-29 18:29:58,148 - Knowledge - INFO - [REDIS_OP] Completed: store_embedding, Key: client/src/components/shop/productDetails/Action.js, Duration: 277ms
2026-01-29 18:29:58,331 - Knowledge - INFO - persist search terms embedding for client/src/components/shop/productDetails/Action.js
2026-01-29 18:29:58,512 - Knowledge - INFO - process ingested knowledge for /app/data/T0015/304863/b13420e/MERN_Stack_Project_Ecommerce_Hayroo-304863/client/src/components/shop/productDetails/Action.js
2026-01-29 18:29:58,659 - Knowledge - INFO - Found code-base-name: https://github.com/kavia-common/MERN_Stack_Project_Ecommerce_Hayroo-304863.git:kavia-master
2026-01-29 18:29:58,826 - Knowledge - INFO - Found code_base: <app.utils.kg_build.knowledge.KnowledgeCodeBase object at 0x7ff3afbfb810>
2026-01-29 18:29:59,078 - Knowledge - INFO - Found code-base-name: https://github.com/kavia-common/MERN_Stack_Project_Ecommerce_Hayroo-304863.git:kavia-master
2026-01-29 18:29:59,237 - Knowledge - INFO - Found code_base: <app.utils.kg_build.knowledge.KnowledgeCodeBase object at 0x7ff3afbfb810>
2026-01-29 18:29:59,423 - Knowledge - INFO - persist ingested knowledge for /app/data/T0015/304863/b13420e/MERN_Stack_Project_Ecommerce_Hayroo-304863/server/package.json
2026-01-29 18:29:59,700 - Knowledge - INFO - [MONGODB_OP] Completed: persist, Collection: file_info, Duration: 93ms
2026-01-29 18:30:00,178 - Knowledge - INFO - [REDIS_OP] Completed: store_embedding, Key: server/package.json, Duration: 259ms
2026-01-29 18:30:00,341 - Knowledge - INFO - persist search terms embedding for server/package.json
2026-01-29 18:30:00,510 - Knowledge - INFO - process ingested knowledge for /app/data/T0015/304863/b13420e/MERN_Stack_Project_Ecommerce_Hayroo-304863/server/package.json
2026-01-29 18:30:00,664 - Knowledge - INFO - Found code-base-name: https://github.com/kavia-common/MERN_Stack_Project_Ecommerce_Hayroo-304863.git:kavia-master
2026-01-29 18:30:00,844 - Knowledge - INFO - Found code_base: <app.utils.kg_build.knowledge.KnowledgeCodeBase object at 0x7ff3afbfb810>
2026-01-29 18:30:01,086 - Knowledge - INFO - Found code-base-name: https://github.com/kavia-common/MERN_Stack_Project_Ecommerce_Hayroo-304863.git:kavia-master
2026-01-29 18:30:01,252 - Knowledge - INFO - Found code_base: <app.utils.kg_build.knowledge.KnowledgeCodeBase object at 0x7ff3afbfb810>
2026-01-29 18:30:01,418 - Knowledge - INFO - persist ingested knowledge for /app/data/T0015/304863/b13420e/MERN_Stack_Project_Ecommerce_Hayroo-304863/client/src/components/shop/wishlist/SingleWishProduct.js
2026-01-29 18:30:01,723 - Knowledge - INFO - [MONGODB_OP] Completed: persist, Collection: file_info, Duration: 112ms
2026-01-29 18:30:02,073 - Knowledge - INFO - [REDIS_OP] Completed: store_embedding, Key: client/src/components/shop/wishlist/SingleWishProduct.js, Duration: 189ms
2026-01-29 18:30:02,293 - Knowledge - INFO - persist search terms embedding for client/src/components/shop/wishlist/SingleWishProduct.js
2026-01-29 18:30:02,456 - Knowledge - INFO - process ingested knowledge for /app/data/T0015/304863/b13420e/MERN_Stack_Project_Ecommerce_Hayroo-304863/client/src/components/shop/wishlist/SingleWishProduct.js
2026-01-29 18:30:02,640 - Knowledge - INFO - Found code-base-name: https://github.com/kavia-common/MERN_Stack_Project_Ecommerce_Hayroo-304863.git:kavia-master
2026-01-29 18:30:02,800 - Knowledge - INFO - Found code_base: <app.utils.kg_build.knowledge.KnowledgeCodeBase object at 0x7ff3afbfb810>
2026-01-29 18:30:03,031 - Knowledge - INFO - Found code-base-name: https://github.com/kavia-common/MERN_Stack_Project_Ecommerce_Hayroo-304863.git:kavia-master
2026-01-29 18:30:03,201 - Knowledge - INFO - Found code_base: <app.utils.kg_build.knowledge.KnowledgeCodeBase object at 0x7ff3afbfb810>
2026-01-29 18:30:03,399 - Knowledge - INFO - persist ingested knowledge for /app/data/T0015/304863/b13420e/MERN_Stack_Project_Ecommerce_Hayroo-304863/client/src/components/admin/layout/index.js
2026-01-29 18:30:03,696 - Knowledge - INFO - [MONGODB_OP] Completed: persist, Collection: file_info, Duration: 89ms
2026-01-29 18:30:04,159 - Knowledge - INFO - [REDIS_OP] Completed: store_embedding, Key: client/src/components/admin/layout/index.js, Duration: 267ms
2026-01-29 18:30:04,316 - Knowledge - INFO - persist search terms embedding for client/src/components/admin/layout/index.js
2026-01-29 18:30:04,482 - Knowledge - INFO - process ingested knowledge for /app/data/T0015/304863/b13420e/MERN_Stack_Project_Ecommerce_Hayroo-304863/client/src/components/admin/layout/index.js
2026-01-29 18:30:04,682 - Knowledge - INFO - Found code-base-name: https://github.com/kavia-common/MERN_Stack_Project_Ecommerce_Hayroo-304863.git:kavia-master
2026-01-29 18:30:04,821 - Knowledge - INFO - Found code_base: <app.utils.kg_build.knowledge.KnowledgeCodeBase object at 0x7ff3afbfb810>
2026-01-29 18:30:05,108 - Knowledge - INFO - Found code-base-name: https://github.com/kavia-common/MERN_Stack_Project_Ecommerce_Hayroo-304863.git:kavia-master
2026-01-29 18:30:05,254 - Knowledge - INFO - Found code_base: <app.utils.kg_build.knowledge.KnowledgeCodeBase object at 0x7ff3afbfb810>
2026-01-29 18:30:05,402 - Knowledge - INFO - persist ingested knowledge for /app/data/T0015/304863/b13420e/MERN_Stack_Project_Ecommerce_Hayroo-304863/server/app.js
2026-01-29 18:30:05,648 - Knowledge - INFO - [MONGODB_OP] Completed: persist, Collection: file_info, Duration: 83ms
2026-01-29 18:30:06,078 - Knowledge - INFO - [REDIS_OP] Completed: store_embedding, Key: server/app.js, Duration: 255ms
2026-01-29 18:30:06,270 - Knowledge - INFO - persist search terms embedding for server/app.js
2026-01-29 18:30:06,450 - Knowledge - INFO - process ingested knowledge for /app/data/T0015/304863/b13420e/MERN_Stack_Project_Ecommerce_Hayroo-304863/server/app.js
2026-01-29 18:30:06,596 - Knowledge - INFO - Found code-base-name: https://github.com/kavia-common/MERN_Stack_Project_Ecommerce_Hayroo-304863.git:kavia-master
2026-01-29 18:30:06,788 - Knowledge - INFO - Found code_base: <app.utils.kg_build.knowledge.KnowledgeCodeBase object at 0x7ff3afbfb810>
2026-01-29 18:30:07,040 - Knowledge - INFO - Found code-base-name: https://github.com/kavia-common/MERN_Stack_Project_Ecommerce_Hayroo-304863.git:kavia-master
2026-01-29 18:30:07,259 - Knowledge - INFO - Found code_base: <app.utils.kg_build.knowledge.KnowledgeCodeBase object at 0x7ff3afbfb810>
2026-01-29 18:30:07,442 - Knowledge - INFO - persist ingested knowledge for /app/data/T0015/304863/b13420e/MERN_Stack_Project_Ecommerce_Hayroo-304863/client/src/components/shop/home/ProductCategoryDropdown.js
2026-01-29 18:30:07,736 - Knowledge - INFO - [MONGODB_OP] Completed: persist, Collection: file_info, Duration: 100ms
2026-01-29 18:30:08,186 - Knowledge - INFO - [REDIS_OP] Completed: store_embedding, Key: client/src/components/shop/home/ProductCategoryDropdown.js, Duration: 232ms
2026-01-29 18:30:08,384 - Knowledge - INFO - persist search terms embedding for client/src/components/shop/home/ProductCategoryDropdown.js
2026-01-29 18:30:08,547 - Knowledge - INFO - process ingested knowledge for /app/data/T0015/304863/b13420e/MERN_Stack_Project_Ecommerce_Hayroo-304863/client/src/components/shop/home/ProductCategoryDropdown.js
2026-01-29 18:30:08,714 - Knowledge - INFO - Found code-base-name: https://github.com/kavia-common/MERN_Stack_Project_Ecommerce_Hayroo-304863.git:kavia-master
2026-01-29 18:30:08,883 - Knowledge - INFO - Found code_base: <app.utils.kg_build.knowledge.KnowledgeCodeBase object at 0x7ff3afbfb810>
2026-01-29 18:30:09,148 - Knowledge - INFO - Found code-base-name: https://github.com/kavia-common/MERN_Stack_Project_Ecommerce_Hayroo-304863.git:kavia-master
2026-01-29 18:30:09,321 - Knowledge - INFO - Found code_base: <app.utils.kg_build.knowledge.KnowledgeCodeBase object at 0x7ff3afbfb810>
2026-01-29 18:30:09,524 - Knowledge - INFO - persist ingested knowledge for /app/data/T0015/304863/b13420e/MERN_Stack_Project_Ecommerce_Hayroo-304863/client/src/components/shop/productDetails/AllReviews.js
2026-01-29 18:30:09,813 - Knowledge - INFO - [MONGODB_OP] Completed: persist, Collection: file_info, Duration: 92ms
2026-01-29 18:30:10,289 - Knowledge - INFO - [REDIS_OP] Completed: store_embedding, Key: client/src/components/shop/productDetails/AllReviews.js, Duration: 282ms
2026-01-29 18:30:10,495 - Knowledge - INFO - persist search terms embedding for client/src/components/shop/productDetails/AllReviews.js
2026-01-29 18:30:10,690 - Knowledge - INFO - process ingested knowledge for /app/data/T0015/304863/b13420e/MERN_Stack_Project_Ecommerce_Hayroo-304863/client/src/components/shop/productDetails/AllReviews.js
2026-01-29 18:30:10,893 - Knowledge - INFO - Found code-base-name: https://github.com/kavia-common/MERN_Stack_Project_Ecommerce_Hayroo-304863.git:kavia-master
2026-01-29 18:30:12,569 - Knowledge - INFO - Found code_base: <app.utils.kg_build.knowledge.KnowledgeCodeBase object at 0x7ff3afbfb810>
2026-01-29 18:30:12,807 - Knowledge - INFO - Found code-base-name: https://github.com/kavia-common/MERN_Stack_Project_Ecommerce_Hayroo-304863.git:kavia-master
2026-01-29 18:30:12,986 - Knowledge - INFO - Found code_base: <app.utils.kg_build.knowledge.KnowledgeCodeBase object at 0x7ff3afbfb810>
2026-01-29 18:30:13,138 - Knowledge - INFO - persist ingested knowledge for /app/data/T0015/304863/b13420e/MERN_Stack_Project_Ecommerce_Hayroo-304863/client/src/components/admin/dashboardAdmin/DashboardContext.js
2026-01-29 18:30:13,395 - Knowledge - INFO - [MONGODB_OP] Completed: persist, Collection: file_info, Duration: 86ms
2026-01-29 18:30:13,725 - Knowledge - INFO - [REDIS_OP] Completed: store_embedding, Key: client/src/components/admin/dashboardAdmin/DashboardContext.js, Duration: 181ms
2026-01-29 18:30:13,953 - Knowledge - INFO - persist search terms embedding for client/src/components/admin/dashboardAdmin/DashboardContext.js
2026-01-29 18:30:14,118 - Knowledge - INFO - process ingested knowledge for /app/data/T0015/304863/b13420e/MERN_Stack_Project_Ecommerce_Hayroo-304863/client/src/components/admin/dashboardAdmin/DashboardContext.js
2026-01-29 18:30:14,294 - Knowledge - INFO - Found code-base-name: https://github.com/kavia-common/MERN_Stack_Project_Ecommerce_Hayroo-304863.git:kavia-master
2026-01-29 18:30:14,488 - Knowledge - INFO - Found code_base: <app.utils.kg_build.knowledge.KnowledgeCodeBase object at 0x7ff3afbfb810>
2026-01-29 18:30:14,723 - Knowledge - INFO - Found code-base-name: https://github.com/kavia-common/MERN_Stack_Project_Ecommerce_Hayroo-304863.git:kavia-master
2026-01-29 18:30:14,914 - Knowledge - INFO - Found code_base: <app.utils.kg_build.knowledge.KnowledgeCodeBase object at 0x7ff3afbfb810>
2026-01-29 18:30:15,121 - Knowledge - INFO - persist ingested knowledge for /app/data/T0015/304863/b13420e/MERN_Stack_Project_Ecommerce_Hayroo-304863/server/controller/categories.js
2026-01-29 18:30:15,394 - Knowledge - INFO - [MONGODB_OP] Completed: persist, Collection: file_info, Duration: 87ms
2026-01-29 18:30:15,805 - Knowledge - INFO - [REDIS_OP] Completed: store_embedding, Key: server/controller/categories.js, Duration: 228ms
2026-01-29 18:30:15,990 - Knowledge - INFO - persist search terms embedding for server/controller/categories.js
2026-01-29 18:30:16,171 - Knowledge - INFO - process ingested knowledge for /app/data/T0015/304863/b13420e/MERN_Stack_Project_Ecommerce_Hayroo-304863/server/controller/categories.js
2026-01-29 18:30:16,347 - Knowledge - INFO - Found code-base-name: https://github.com/kavia-common/MERN_Stack_Project_Ecommerce_Hayroo-304863.git:kavia-master
2026-01-29 18:30:16,497 - Knowledge - INFO - Found code_base: <app.utils.kg_build.knowledge.KnowledgeCodeBase object at 0x7ff3afbfb810>
2026-01-29 18:30:16,794 - Knowledge - INFO - Found code-base-name: https://github.com/kavia-common/MERN_Stack_Project_Ecommerce_Hayroo-304863.git:kavia-master
2026-01-29 18:30:16,951 - Knowledge - INFO - Found code_base: <app.utils.kg_build.knowledge.KnowledgeCodeBase object at 0x7ff3afbfb810>
2026-01-29 18:30:17,114 - Knowledge - INFO - persist ingested knowledge for /app/data/T0015/304863/b13420e/MERN_Stack_Project_Ecommerce_Hayroo-304863/client/src/components/shop/productDetails/Details.js
2026-01-29 18:30:17,415 - Knowledge - INFO - [MONGODB_OP] Completed: persist, Collection: file_info, Duration: 89ms
2026-01-29 18:30:17,925 - Knowledge - INFO - [REDIS_OP] Completed: store_embedding, Key: client/src/components/shop/productDetails/Details.js, Duration: 315ms
2026-01-29 18:30:18,079 - Knowledge - INFO - persist search terms embedding for client/src/components/shop/productDetails/Details.js
2026-01-29 18:30:18,243 - Knowledge - INFO - process ingested knowledge for /app/data/T0015/304863/b13420e/MERN_Stack_Project_Ecommerce_Hayroo-304863/client/src/components/shop/productDetails/Details.js
2026-01-29 18:30:18,456 - Knowledge - INFO - Found code-base-name: https://github.com/kavia-common/MERN_Stack_Project_Ecommerce_Hayroo-304863.git:kavia-master
2026-01-29 18:30:18,628 - Knowledge - INFO - Found code_base: <app.utils.kg_build.knowledge.KnowledgeCodeBase object at 0x7ff3afbfb810>
2026-01-29 18:30:18,937 - Knowledge - INFO - Found code-base-name: https://github.com/kavia-common/MERN_Stack_Project_Ecommerce_Hayroo-304863.git:kavia-master
2026-01-29 18:30:19,093 - Knowledge - INFO - Found code_base: <app.utils.kg_build.knowledge.KnowledgeCodeBase object at 0x7ff3afbfb810>
2026-01-29 18:30:19,275 - Knowledge - INFO - persist ingested knowledge for /app/data/T0015/304863/b13420e/MERN_Stack_Project_Ecommerce_Hayroo-304863/client/src/components/shop/productDetails/ProductDetailsSectionTwo.js
2026-01-29 18:30:19,569 - Knowledge - INFO - [MONGODB_OP] Completed: persist, Collection: file_info, Duration: 84ms
2026-01-29 18:30:20,065 - Knowledge - INFO - [REDIS_OP] Completed: store_embedding, Key: client/src/components/shop/productDetails/ProductDetailsSectionTwo.js, Duration: 300ms
2026-01-29 18:30:20,246 - Knowledge - INFO - persist search terms embedding for client/src/components/shop/productDetails/ProductDetailsSectionTwo.js
2026-01-29 18:30:20,427 - Knowledge - INFO - process ingested knowledge for /app/data/T0015/304863/b13420e/MERN_Stack_Project_Ecommerce_Hayroo-304863/client/src/components/shop/productDetails/ProductDetailsSectionTwo.js
2026-01-29 18:30:20,581 - Knowledge - INFO - Found code-base-name: https://github.com/kavia-common/MERN_Stack_Project_Ecommerce_Hayroo-304863.git:kavia-master
2026-01-29 18:30:20,754 - Knowledge - INFO - Found code_base: <app.utils.kg_build.knowledge.KnowledgeCodeBase object at 0x7ff3afbfb810>
2026-01-29 18:30:21,017 - Knowledge - INFO - Found code-base-name: https://github.com/kavia-common/MERN_Stack_Project_Ecommerce_Hayroo-304863.git:kavia-master
2026-01-29 18:30:21,205 - Knowledge - INFO - Found code_base: <app.utils.kg_build.knowledge.KnowledgeCodeBase object at 0x7ff3afbfb810>
2026-01-29 18:30:21,356 - Knowledge - INFO - persist ingested knowledge for /app/data/T0015/304863/b13420e/MERN_Stack_Project_Ecommerce_Hayroo-304863/client/src/components/shop/productDetails/ReviewForm.js
2026-01-29 18:30:21,590 - Knowledge - INFO - [MONGODB_OP] Completed: persist, Collection: file_info, Duration: 82ms
2026-01-29 18:30:22,002 - Knowledge - INFO - [REDIS_OP] Completed: store_embedding, Key: client/src/components/shop/productDetails/ReviewForm.js, Duration: 234ms
2026-01-29 18:30:22,196 - Knowledge - INFO - persist search terms embedding for client/src/components/shop/productDetails/ReviewForm.js
2026-01-29 18:30:22,346 - Knowledge - INFO - process ingested knowledge for /app/data/T0015/304863/b13420e/MERN_Stack_Project_Ecommerce_Hayroo-304863/client/src/components/shop/productDetails/ReviewForm.js
2026-01-29 18:30:22,525 - Knowledge - INFO - Found code-base-name: https://github.com/kavia-common/MERN_Stack_Project_Ecommerce_Hayroo-304863.git:kavia-master
2026-01-29 18:30:22,718 - Knowledge - INFO - Found code_base: <app.utils.kg_build.knowledge.KnowledgeCodeBase object at 0x7ff3afbfb810>
2026-01-29 18:30:22,956 - Knowledge - INFO - Found code-base-name: https://github.com/kavia-common/MERN_Stack_Project_Ecommerce_Hayroo-304863.git:kavia-master
2026-01-29 18:30:23,114 - Knowledge - INFO - Found code_base: <app.utils.kg_build.knowledge.KnowledgeCodeBase object at 0x7ff3afbfb810>
2026-01-29 18:30:23,261 - Knowledge - INFO - persist ingested knowledge for /app/data/T0015/304863/b13420e/MERN_Stack_Project_Ecommerce_Hayroo-304863/client/src/components/admin/categories/index.js
2026-01-29 18:30:23,514 - Knowledge - INFO - [MONGODB_OP] Completed: persist, Collection: file_info, Duration: 86ms
2026-01-29 18:30:23,922 - Knowledge - INFO - [REDIS_OP] Completed: store_embedding, Key: client/src/components/admin/categories/index.js, Duration: 218ms
2026-01-29 18:30:24,128 - Knowledge - INFO - persist search terms embedding for client/src/components/admin/categories/index.js
2026-01-29 18:30:24,326 - Knowledge - INFO - process ingested knowledge for /app/data/T0015/304863/b13420e/MERN_Stack_Project_Ecommerce_Hayroo-304863/client/src/components/admin/categories/index.js
2026-01-29 18:30:24,480 - Knowledge - INFO - Found code-base-name: https://github.com/kavia-common/MERN_Stack_Project_Ecommerce_Hayroo-304863.git:kavia-master
2026-01-29 18:30:24,638 - Knowledge - INFO - Found code_base: <app.utils.kg_build.knowledge.KnowledgeCodeBase object at 0x7ff3afbfb810>
2026-01-29 18:30:24,920 - Knowledge - INFO - Found code-base-name: https://github.com/kavia-common/MERN_Stack_Project_Ecommerce_Hayroo-304863.git:kavia-master
2026-01-29 18:30:25,079 - Knowledge - INFO - Found code_base: <app.utils.kg_build.knowledge.KnowledgeCodeBase object at 0x7ff3afbfb810>
2026-01-29 18:30:25,266 - Knowledge - INFO - persist ingested knowledge for /app/data/T0015/304863/b13420e/MERN_Stack_Project_Ecommerce_Hayroo-304863/client/src/components/shop/partials/style.css
2026-01-29 18:30:25,539 - Knowledge - INFO - [MONGODB_OP] Completed: persist, Collection: file_info, Duration: 88ms
2026-01-29 18:30:25,997 - Knowledge - INFO - [REDIS_OP] Completed: store_embedding, Key: client/src/components/shop/partials/style.css, Duration: 248ms
2026-01-29 18:30:26,216 - Knowledge - INFO - persist search terms embedding for client/src/components/shop/partials/style.css
2026-01-29 18:30:26,386 - Knowledge - INFO - process ingested knowledge for /app/data/T0015/304863/b13420e/MERN_Stack_Project_Ecommerce_Hayroo-304863/client/src/components/shop/partials/style.css
2026-01-29 18:30:26,556 - Knowledge - INFO - Found code-base-name: https://github.com/kavia-common/MERN_Stack_Project_Ecommerce_Hayroo-304863.git:kavia-master
2026-01-29 18:30:26,716 - Knowledge - INFO - Found code_base: <app.utils.kg_build.knowledge.KnowledgeCodeBase object at 0x7ff3afbfb810>
2026-01-29 18:30:26,969 - Knowledge - INFO - Found code-base-name: https://github.com/kavia-common/MERN_Stack_Project_Ecommerce_Hayroo-304863.git:kavia-master
2026-01-29 18:30:27,124 - Knowledge - INFO - Found code_base: <app.utils.kg_build.knowledge.KnowledgeCodeBase object at 0x7ff3afbfb810>
2026-01-29 18:30:27,315 - Knowledge - INFO - persist ingested knowledge for /app/data/T0015/304863/b13420e/MERN_Stack_Project_Ecommerce_Hayroo-304863/server/models/categories.js
2026-01-29 18:30:27,543 - Knowledge - INFO - [MONGODB_OP] Completed: persist, Collection: file_info, Duration: 91ms
2026-01-29 18:30:28,036 - Knowledge - INFO - [REDIS_OP] Completed: store_embedding, Key: server/models/categories.js, Duration: 285ms
2026-01-29 18:30:28,198 - Knowledge - INFO - persist search terms embedding for server/models/categories.js
2026-01-29 18:30:28,351 - Knowledge - INFO - process ingested knowledge for /app/data/T0015/304863/b13420e/MERN_Stack_Project_Ecommerce_Hayroo-304863/server/models/categories.js
2026-01-29 18:30:28,518 - Knowledge - INFO - Found code-base-name: https://github.com/kavia-common/MERN_Stack_Project_Ecommerce_Hayroo-304863.git:kavia-master
2026-01-29 18:30:28,684 - Knowledge - INFO - Found code_base: <app.utils.kg_build.knowledge.KnowledgeCodeBase object at 0x7ff3afbfb810>
2026-01-29 18:30:28,924 - Knowledge - INFO - Found code-base-name: https://github.com/kavia-common/MERN_Stack_Project_Ecommerce_Hayroo-304863.git:kavia-master
2026-01-29 18:30:29,128 - Knowledge - INFO - Found code_base: <app.utils.kg_build.knowledge.KnowledgeCodeBase object at 0x7ff3afbfb810>
2026-01-29 18:30:29,282 - Knowledge - INFO - persist ingested knowledge for /app/data/T0015/304863/b13420e/MERN_Stack_Project_Ecommerce_Hayroo-304863/client/package.json
2026-01-29 18:30:29,578 - Knowledge - INFO - [MONGODB_OP] Completed: persist, Collection: file_info, Duration: 88ms
2026-01-29 18:30:29,959 - Knowledge - INFO - [REDIS_OP] Completed: store_embedding, Key: client/package.json, Duration: 228ms
2026-01-29 18:30:30,131 - Knowledge - INFO - persist search terms embedding for client/package.json
2026-01-29 18:30:30,333 - Knowledge - INFO - process ingested knowledge for /app/data/T0015/304863/b13420e/MERN_Stack_Project_Ecommerce_Hayroo-304863/client/package.json
2026-01-29 18:30:30,526 - Knowledge - INFO - Found code-base-name: https://github.com/kavia-common/MERN_Stack_Project_Ecommerce_Hayroo-304863.git:kavia-master
2026-01-29 18:30:30,678 - Knowledge - INFO - Found code_base: <app.utils.kg_build.knowledge.KnowledgeCodeBase object at 0x7ff3afbfb810>
2026-01-29 18:30:30,904 - Knowledge - INFO - Found code-base-name: https://github.com/kavia-common/MERN_Stack_Project_Ecommerce_Hayroo-304863.git:kavia-master
2026-01-29 18:30:31,093 - Knowledge - INFO - Found code_base: <app.utils.kg_build.knowledge.KnowledgeCodeBase object at 0x7ff3afbfb810>
2026-01-29 18:30:31,242 - Knowledge - INFO - persist ingested knowledge for /app/data/T0015/304863/b13420e/MERN_Stack_Project_Ecommerce_Hayroo-304863/client/src/components/shop/index.js
2026-01-29 18:30:31,555 - Knowledge - INFO - [MONGODB_OP] Completed: persist, Collection: file_info, Duration: 86ms
2026-01-29 18:30:31,996 - Knowledge - INFO - [REDIS_OP] Completed: store_embedding, Key: client/src/components/shop/index.js, Duration: 276ms
2026-01-29 18:30:32,146 - Knowledge - INFO - persist search terms embedding for client/src/components/shop/index.js
2026-01-29 18:30:32,325 - Knowledge - INFO - process ingested knowledge for /app/data/T0015/304863/b13420e/MERN_Stack_Project_Ecommerce_Hayroo-304863/client/src/components/shop/index.js
2026-01-29 18:30:32,516 - Knowledge - INFO - Found code-base-name: https://github.com/kavia-common/MERN_Stack_Project_Ecommerce_Hayroo-304863.git:kavia-master
2026-01-29 18:30:32,673 - Knowledge - INFO - Found code_base: <app.utils.kg_build.knowledge.KnowledgeCodeBase object at 0x7ff3afbfb810>
2026-01-29 18:30:32,911 - Knowledge - INFO - Found code-base-name: https://github.com/kavia-common/MERN_Stack_Project_Ecommerce_Hayroo-304863.git:kavia-master
2026-01-29 18:30:33,056 - Knowledge - INFO - Found code_base: <app.utils.kg_build.knowledge.KnowledgeCodeBase object at 0x7ff3afbfb810>
2026-01-29 18:30:33,255 - Knowledge - INFO - persist ingested knowledge for /app/data/T0015/304863/b13420e/MERN_Stack_Project_Ecommerce_Hayroo-304863/client/src/components/admin/products/ProductContext.js
2026-01-29 18:30:33,511 - Knowledge - INFO - [MONGODB_OP] Completed: persist, Collection: file_info, Duration: 90ms
2026-01-29 18:30:33,893 - Knowledge - INFO - [REDIS_OP] Completed: store_embedding, Key: client/src/components/admin/products/ProductContext.js, Duration: 226ms
2026-01-29 18:30:34,119 - Knowledge - INFO - persist search terms embedding for client/src/components/admin/products/ProductContext.js
2026-01-29 18:30:34,273 - Knowledge - INFO - process ingested knowledge for /app/data/T0015/304863/b13420e/MERN_Stack_Project_Ecommerce_Hayroo-304863/client/src/components/admin/products/ProductContext.js
2026-01-29 18:30:34,487 - Knowledge - INFO - Found code-base-name: https://github.com/kavia-common/MERN_Stack_Project_Ecommerce_Hayroo-304863.git:kavia-master
2026-01-29 18:30:34,645 - Knowledge - INFO - Found code_base: <app.utils.kg_build.knowledge.KnowledgeCodeBase object at 0x7ff3afbfb810>
2026-01-29 18:30:34,926 - Knowledge - INFO - Found code-base-name: https://github.com/kavia-common/MERN_Stack_Project_Ecommerce_Hayroo-304863.git:kavia-master
2026-01-29 18:30:35,066 - Knowledge - INFO - Found code_base: <app.utils.kg_build.knowledge.KnowledgeCodeBase object at 0x7ff3afbfb810>
2026-01-29 18:30:35,302 - Knowledge - INFO - persist ingested knowledge for /app/data/T0015/304863/b13420e/MERN_Stack_Project_Ecommerce_Hayroo-304863/server/controller/users.js
2026-01-29 18:30:35,554 - Knowledge - INFO - [MONGODB_OP] Completed: persist, Collection: file_info, Duration: 88ms
2026-01-29 18:30:35,907 - Knowledge - INFO - [REDIS_OP] Completed: store_embedding, Key: server/controller/users.js, Duration: 177ms
2026-01-29 18:30:36,082 - Knowledge - INFO - persist search terms embedding for server/controller/users.js
2026-01-29 18:30:36,248 - Knowledge - INFO - process ingested knowledge for /app/data/T0015/304863/b13420e/MERN_Stack_Project_Ecommerce_Hayroo-304863/server/controller/users.js
2026-01-29 18:30:36,446 - Knowledge - INFO - Found code-base-name: https://github.com/kavia-common/MERN_Stack_Project_Ecommerce_Hayroo-304863.git:kavia-master
2026-01-29 18:30:36,632 - Knowledge - INFO - Found code_base: <app.utils.kg_build.knowledge.KnowledgeCodeBase object at 0x7ff3afbfb810>
2026-01-29 18:30:36,895 - Knowledge - INFO - Found code-base-name: https://github.com/kavia-common/MERN_Stack_Project_Ecommerce_Hayroo-304863.git:kavia-master
2026-01-29 18:30:37,083 - Knowledge - INFO - Found code_base: <app.utils.kg_build.knowledge.KnowledgeCodeBase object at 0x7ff3afbfb810>
2026-01-29 18:30:37,261 - Knowledge - INFO - persist ingested knowledge for /app/data/T0015/304863/b13420e/MERN_Stack_Project_Ecommerce_Hayroo-304863/server/routes/products.js
2026-01-29 18:30:37,505 - Knowledge - INFO - [MONGODB_OP] Completed: persist, Collection: file_info, Duration: 90ms
2026-01-29 18:30:37,926 - Knowledge - INFO - [REDIS_OP] Completed: store_embedding, Key: server/routes/products.js, Duration: 228ms
2026-01-29 18:30:38,124 - Knowledge - INFO - persist search terms embedding for server/routes/products.js
2026-01-29 18:30:38,273 - Knowledge - INFO - process ingested knowledge for /app/data/T0015/304863/b13420e/MERN_Stack_Project_Ecommerce_Hayroo-304863/server/routes/products.js
2026-01-29 18:30:38,438 - Knowledge - INFO - Found code-base-name: https://github.com/kavia-common/MERN_Stack_Project_Ecommerce_Hayroo-304863.git:kavia-master
2026-01-29 18:30:38,612 - Knowledge - INFO - Found code_base: <app.utils.kg_build.knowledge.KnowledgeCodeBase object at 0x7ff3afbfb810>
2026-01-29 18:30:38,832 - Knowledge - INFO - Found code-base-name: https://github.com/kavia-common/MERN_Stack_Project_Ecommerce_Hayroo-304863.git:kavia-master
2026-01-29 18:30:39,035 - Knowledge - INFO - Found code_base: <app.utils.kg_build.knowledge.KnowledgeCodeBase object at 0x7ff3afbfb810>
2026-01-29 18:30:39,240 - Knowledge - INFO - persist ingested knowledge for /app/data/T0015/304863/b13420e/MERN_Stack_Project_Ecommerce_Hayroo-304863/client/src/components/admin/categories/AddCategoryModal.js
2026-01-29 18:30:39,513 - Knowledge - INFO - [MONGODB_OP] Completed: persist, Collection: file_info, Duration: 88ms
2026-01-29 18:30:39,904 - Knowledge - INFO - [REDIS_OP] Completed: store_embedding, Key: client/src/components/admin/categories/AddCategoryModal.js, Duration: 218ms
2026-01-29 18:30:40,069 - Knowledge - INFO - persist search terms embedding for client/src/components/admin/categories/AddCategoryModal.js
2026-01-29 18:30:40,246 - Knowledge - INFO - process ingested knowledge for /app/data/T0015/304863/b13420e/MERN_Stack_Project_Ecommerce_Hayroo-304863/client/src/components/admin/categories/AddCategoryModal.js
2026-01-29 18:30:40,406 - Knowledge - INFO - Found code-base-name: https://github.com/kavia-common/MERN_Stack_Project_Ecommerce_Hayroo-304863.git:kavia-master
2026-01-29 18:30:40,555 - Knowledge - INFO - Found code_base: <app.utils.kg_build.knowledge.KnowledgeCodeBase object at 0x7ff3afbfb810>
2026-01-29 18:30:40,801 - Knowledge - INFO - Found code-base-name: https://github.com/kavia-common/MERN_Stack_Project_Ecommerce_Hayroo-304863.git:kavia-master
2026-01-29 18:30:40,955 - Knowledge - INFO - Found code_base: <app.utils.kg_build.knowledge.KnowledgeCodeBase object at 0x7ff3afbfb810>
2026-01-29 18:30:41,157 - Knowledge - INFO - persist ingested knowledge for /app/data/T0015/304863/b13420e/MERN_Stack_Project_Ecommerce_Hayroo-304863/client/src/components/admin/products/ProductMenu.js
2026-01-29 18:30:41,452 - Knowledge - INFO - [MONGODB_OP] Completed: persist, Collection: file_info, Duration: 99ms
2026-01-29 18:30:41,821 - Knowledge - INFO - [REDIS_OP] Completed: store_embedding, Key: client/src/components/admin/products/ProductMenu.js, Duration: 215ms
2026-01-29 18:30:42,006 - Knowledge - INFO - persist search terms embedding for client/src/components/admin/products/ProductMenu.js
2026-01-29 18:30:42,165 - Knowledge - INFO - process ingested knowledge for /app/data/T0015/304863/b13420e/MERN_Stack_Project_Ecommerce_Hayroo-304863/client/src/components/admin/products/ProductMenu.js
2026-01-29 18:30:42,327 - Knowledge - INFO - Found code-base-name: https://github.com/kavia-common/MERN_Stack_Project_Ecommerce_Hayroo-304863.git:kavia-master
2026-01-29 18:30:42,487 - Knowledge - INFO - Found code_base: <app.utils.kg_build.knowledge.KnowledgeCodeBase object at 0x7ff3afbfb810>
2026-01-29 18:30:42,770 - Knowledge - INFO - Found code-base-name: https://github.com/kavia-common/MERN_Stack_Project_Ecommerce_Hayroo-304863.git:kavia-master
2026-01-29 18:30:42,961 - Knowledge - INFO - Found code_base: <app.utils.kg_build.knowledge.KnowledgeCodeBase object at 0x7ff3afbfb810>
2026-01-29 18:30:43,183 - Knowledge - INFO - persist ingested knowledge for /app/data/T0015/304863/b13420e/MERN_Stack_Project_Ecommerce_Hayroo-304863/client/src/components/admin/categories/FetchApi.js
2026-01-29 18:30:43,461 - Knowledge - INFO - [MONGODB_OP] Completed: persist, Collection: file_info, Duration: 85ms
2026-01-29 18:30:43,860 - Knowledge - INFO - [REDIS_OP] Completed: store_embedding, Key: client/src/components/admin/categories/FetchApi.js, Duration: 197ms
2026-01-29 18:30:44,009 - Knowledge - INFO - persist search terms embedding for client/src/components/admin/categories/FetchApi.js
2026-01-29 18:30:44,186 - Knowledge - INFO - process ingested knowledge for /app/data/T0015/304863/b13420e/MERN_Stack_Project_Ecommerce_Hayroo-304863/client/src/components/admin/categories/FetchApi.js
2026-01-29 18:30:44,380 - Knowledge - INFO - Found code-base-name: https://github.com/kavia-common/MERN_Stack_Project_Ecommerce_Hayroo-304863.git:kavia-master
2026-01-29 18:30:44,563 - Knowledge - INFO - Found code_base: <app.utils.kg_build.knowledge.KnowledgeCodeBase object at 0x7ff3afbfb810>
2026-01-29 18:30:44,824 - Knowledge - INFO - Found code-base-name: https://github.com/kavia-common/MERN_Stack_Project_Ecommerce_Hayroo-304863.git:kavia-master
2026-01-29 18:30:45,025 - Knowledge - INFO - Found code_base: <app.utils.kg_build.knowledge.KnowledgeCodeBase object at 0x7ff3afbfb810>
2026-01-29 18:30:45,217 - Knowledge - INFO - persist ingested knowledge for /app/data/T0015/304863/b13420e/MERN_Stack_Project_Ecommerce_Hayroo-304863/server/controller/auth.js
2026-01-29 18:30:45,453 - Knowledge - INFO - [MONGODB_OP] Completed: persist, Collection: file_info, Duration: 85ms
2026-01-29 18:30:45,848 - Knowledge - INFO - [REDIS_OP] Completed: store_embedding, Key: server/controller/auth.js, Duration: 247ms
2026-01-29 18:30:46,056 - Knowledge - INFO - persist search terms embedding for server/controller/auth.js
2026-01-29 18:30:46,260 - Knowledge - INFO - process ingested knowledge for /app/data/T0015/304863/b13420e/MERN_Stack_Project_Ecommerce_Hayroo-304863/server/controller/auth.js
2026-01-29 18:30:46,464 - Knowledge - INFO - Found code-base-name: https://github.com/kavia-common/MERN_Stack_Project_Ecommerce_Hayroo-304863.git:kavia-master
2026-01-29 18:30:46,657 - Knowledge - INFO - Found code_base: <app.utils.kg_build.knowledge.KnowledgeCodeBase object at 0x7ff3afbfb810>
2026-01-29 18:30:46,905 - Knowledge - INFO - Found code-base-name: https://github.com/kavia-common/MERN_Stack_Project_Ecommerce_Hayroo-304863.git:kavia-master
2026-01-29 18:30:47,059 - Knowledge - INFO - Found code_base: <app.utils.kg_build.knowledge.KnowledgeCodeBase object at 0x7ff3afbfb810>
2026-01-29 18:30:47,227 - Knowledge - INFO - persist ingested knowledge for /app/data/T0015/304863/b13420e/MERN_Stack_Project_Ecommerce_Hayroo-304863/server/models/users.js
2026-01-29 18:30:47,450 - Knowledge - INFO - [MONGODB_OP] Completed: persist, Collection: file_info, Duration: 83ms
2026-01-29 18:30:47,862 - Knowledge - INFO - [REDIS_OP] Completed: store_embedding, Key: server/models/users.js, Duration: 209ms
2026-01-29 18:30:48,065 - Knowledge - INFO - persist search terms embedding for server/models/users.js
2026-01-29 18:30:48,220 - Knowledge - INFO - process ingested knowledge for /app/data/T0015/304863/b13420e/MERN_Stack_Project_Ecommerce_Hayroo-304863/server/models/users.js
2026-01-29 18:30:48,411 - Knowledge - INFO - Found code-base-name: https://github.com/kavia-common/MERN_Stack_Project_Ecommerce_Hayroo-304863.git:kavia-master
2026-01-29 18:30:48,552 - Knowledge - INFO - Found code_base: <app.utils.kg_build.knowledge.KnowledgeCodeBase object at 0x7ff3afbfb810>
2026-01-29 18:30:48,795 - Knowledge - INFO - Found code-base-name: https://github.com/kavia-common/MERN_Stack_Project_Ecommerce_Hayroo-304863.git:kavia-master
2026-01-29 18:30:48,957 - Knowledge - INFO - Found code_base: <app.utils.kg_build.knowledge.KnowledgeCodeBase object at 0x7ff3afbfb810>
2026-01-29 18:30:49,138 - Knowledge - INFO - persist ingested knowledge for /app/data/T0015/304863/b13420e/MERN_Stack_Project_Ecommerce_Hayroo-304863/client/src/components/shop/layout/layoutContext.js
2026-01-29 18:30:49,428 - Knowledge - INFO - [MONGODB_OP] Completed: persist, Collection: file_info, Duration: 88ms
2026-01-29 18:30:50,069 - Knowledge - INFO - [REDIS_OP] Completed: store_embedding, Key: client/src/components/shop/layout/layoutContext.js, Duration: 493ms
2026-01-29 18:30:50,292 - Knowledge - INFO - persist search terms embedding for client/src/components/shop/layout/layoutContext.js
2026-01-29 18:30:50,436 - Knowledge - INFO - process ingested knowledge for /app/data/T0015/304863/b13420e/MERN_Stack_Project_Ecommerce_Hayroo-304863/client/src/components/shop/layout/layoutContext.js
2026-01-29 18:30:50,633 - Knowledge - INFO - Found code-base-name: https://github.com/kavia-common/MERN_Stack_Project_Ecommerce_Hayroo-304863.git:kavia-master
2026-01-29 18:30:50,786 - Knowledge - INFO - Found code_base: <app.utils.kg_build.knowledge.KnowledgeCodeBase object at 0x7ff3afbfb810>
2026-01-29 18:30:51,039 - Knowledge - INFO - Found code-base-name: https://github.com/kavia-common/MERN_Stack_Project_Ecommerce_Hayroo-304863.git:kavia-master
2026-01-29 18:30:51,263 - Knowledge - INFO - Found code_base: <app.utils.kg_build.knowledge.KnowledgeCodeBase object at 0x7ff3afbfb810>
2026-01-29 18:30:51,445 - Knowledge - INFO - persist ingested knowledge for /app/data/T0015/304863/b13420e/MERN_Stack_Project_Ecommerce_Hayroo-304863/client/src/components/admin/dashboardAdmin/TodaySell.js
2026-01-29 18:30:51,745 - Knowledge - INFO - [MONGODB_OP] Completed: persist, Collection: file_info, Duration: 90ms
2026-01-29 18:30:52,110 - Knowledge - INFO - [REDIS_OP] Completed: store_embedding, Key: client/src/components/admin/dashboardAdmin/TodaySell.js, Duration: 210ms
2026-01-29 18:30:52,286 - Knowledge - INFO - persist search terms embedding for client/src/components/admin/dashboardAdmin/TodaySell.js
2026-01-29 18:30:52,456 - Knowledge - INFO - process ingested knowledge for /app/data/T0015/304863/b13420e/MERN_Stack_Project_Ecommerce_Hayroo-304863/client/src/components/admin/dashboardAdmin/TodaySell.js
2026-01-29 18:30:52,633 - Knowledge - INFO - Found code-base-name: https://github.com/kavia-common/MERN_Stack_Project_Ecommerce_Hayroo-304863.git:kavia-master
2026-01-29 18:30:52,799 - Knowledge - INFO - Found code_base: <app.utils.kg_build.knowledge.KnowledgeCodeBase object at 0x7ff3afbfb810>
2026-01-29 18:30:53,083 - Knowledge - INFO - Found code-base-name: https://github.com/kavia-common/MERN_Stack_Project_Ecommerce_Hayroo-304863.git:kavia-master
2026-01-29 18:30:53,278 - Knowledge - INFO - Found code_base: <app.utils.kg_build.knowledge.KnowledgeCodeBase object at 0x7ff3afbfb810>
2026-01-29 18:30:53,456 - Knowledge - INFO - persist ingested knowledge for /app/data/T0015/304863/b13420e/MERN_Stack_Project_Ecommerce_Hayroo-304863/client/src/components/shop/home/Mixins.js
2026-01-29 18:30:53,714 - Knowledge - INFO - [MONGODB_OP] Completed: persist, Collection: file_info, Duration: 86ms
2026-01-29 18:30:54,119 - Knowledge - INFO - [REDIS_OP] Completed: store_embedding, Key: client/src/components/shop/home/Mixins.js, Duration: 218ms
2026-01-29 18:30:54,299 - Knowledge - INFO - persist search terms embedding for client/src/components/shop/home/Mixins.js
2026-01-29 18:30:54,454 - Knowledge - INFO - process ingested knowledge for /app/data/T0015/304863/b13420e/MERN_Stack_Project_Ecommerce_Hayroo-304863/client/src/components/shop/home/Mixins.js
2026-01-29 18:30:54,622 - Knowledge - INFO - Found code-base-name: https://github.com/kavia-common/MERN_Stack_Project_Ecommerce_Hayroo-304863.git:kavia-master
2026-01-29 18:30:54,774 - Knowledge - INFO - Found code_base: <app.utils.kg_build.knowledge.KnowledgeCodeBase object at 0x7ff3afbfb810>
2026-01-29 18:30:55,037 - Knowledge - INFO - Found code-base-name: https://github.com/kavia-common/MERN_Stack_Project_Ecommerce_Hayroo-304863.git:kavia-master
2026-01-29 18:30:55,186 - Knowledge - INFO - Found code_base: <app.utils.kg_build.knowledge.KnowledgeCodeBase object at 0x7ff3afbfb810>
2026-01-29 18:30:55,337 - Knowledge - INFO - persist ingested knowledge for /app/data/T0015/304863/b13420e/MERN_Stack_Project_Ecommerce_Hayroo-304863/client/src/components/shop/dashboardUser/Sidebar.js
2026-01-29 18:30:55,569 - Knowledge - INFO - [MONGODB_OP] Completed: persist, Collection: file_info, Duration: 85ms
2026-01-29 18:30:56,043 - Knowledge - INFO - [REDIS_OP] Completed: store_embedding, Key: client/src/components/shop/dashboardUser/Sidebar.js, Duration: 329ms
2026-01-29 18:30:56,215 - Knowledge - INFO - persist search terms embedding for client/src/components/shop/dashboardUser/Sidebar.js
2026-01-29 18:30:56,452 - Knowledge - INFO - process ingested knowledge for /app/data/T0015/304863/b13420e/MERN_Stack_Project_Ecommerce_Hayroo-304863/client/src/components/shop/dashboardUser/Sidebar.js
2026-01-29 18:30:56,637 - Knowledge - INFO - Found code-base-name: https://github.com/kavia-common/MERN_Stack_Project_Ecommerce_Hayroo-304863.git:kavia-master
2026-01-29 18:30:56,825 - Knowledge - INFO - Found code_base: <app.utils.kg_build.knowledge.KnowledgeCodeBase object at 0x7ff3afbfb810>
2026-01-29 18:30:57,071 - Knowledge - INFO - Found code-base-name: https://github.com/kavia-common/MERN_Stack_Project_Ecommerce_Hayroo-304863.git:kavia-master
2026-01-29 18:30:57,258 - Knowledge - INFO - Found code_base: <app.utils.kg_build.knowledge.KnowledgeCodeBase object at 0x7ff3afbfb810>
2026-01-29 18:30:57,409 - Knowledge - INFO - persist ingested knowledge for /app/data/T0015/304863/b13420e/MERN_Stack_Project_Ecommerce_Hayroo-304863/server/routes/braintree.js
2026-01-29 18:30:57,683 - Knowledge - INFO - [MONGODB_OP] Completed: persist, Collection: file_info, Duration: 82ms
2026-01-29 18:30:58,312 - Knowledge - INFO - [REDIS_OP] Completed: store_embedding, Key: server/routes/braintree.js, Duration: 411ms
2026-01-29 18:30:58,471 - Knowledge - INFO - persist search terms embedding for server/routes/braintree.js
2026-01-29 18:30:58,670 - Knowledge - INFO - process ingested knowledge for /app/data/T0015/304863/b13420e/MERN_Stack_Project_Ecommerce_Hayroo-304863/server/routes/braintree.js
2026-01-29 18:30:58,853 - Knowledge - INFO - Found code-base-name: https://github.com/kavia-common/MERN_Stack_Project_Ecommerce_Hayroo-304863.git:kavia-master
2026-01-29 18:30:59,081 - Knowledge - INFO - Found code_base: <app.utils.kg_build.knowledge.KnowledgeCodeBase object at 0x7ff3afbfb810>
2026-01-29 18:30:59,357 - Knowledge - INFO - Found code-base-name: https://github.com/kavia-common/MERN_Stack_Project_Ecommerce_Hayroo-304863.git:kavia-master
2026-01-29 18:30:59,556 - Knowledge - INFO - Found code_base: <app.utils.kg_build.knowledge.KnowledgeCodeBase object at 0x7ff3afbfb810>
2026-01-29 18:30:59,760 - Knowledge - INFO - persist ingested knowledge for /app/data/T0015/304863/b13420e/MERN_Stack_Project_Ecommerce_Hayroo-304863/client/src/components/shop/auth/LoginSignup.js
2026-01-29 18:31:00,033 - Knowledge - INFO - [MONGODB_OP] Completed: persist, Collection: file_info, Duration: 115ms
2026-01-29 18:31:00,424 - Knowledge - INFO - [REDIS_OP] Completed: store_embedding, Key: client/src/components/shop/auth/LoginSignup.js, Duration: 220ms
2026-01-29 18:31:00,626 - Knowledge - INFO - persist search terms embedding for client/src/components/shop/auth/LoginSignup.js
2026-01-29 18:31:00,805 - Knowledge - INFO - process ingested knowledge for /app/data/T0015/304863/b13420e/MERN_Stack_Project_Ecommerce_Hayroo-304863/client/src/components/shop/auth/LoginSignup.js
2026-01-29 18:31:00,969 - Knowledge - INFO - Found code-base-name: https://github.com/kavia-common/MERN_Stack_Project_Ecommerce_Hayroo-304863.git:kavia-master
2026-01-29 18:31:01,166 - Knowledge - INFO - Found code_base: <app.utils.kg_build.knowledge.KnowledgeCodeBase object at 0x7ff3afbfb810>
2026-01-29 18:31:01,399 - Knowledge - INFO - Found code-base-name: https://github.com/kavia-common/MERN_Stack_Project_Ecommerce_Hayroo-304863.git:kavia-master
2026-01-29 18:31:01,564 - Knowledge - INFO - Found code_base: <app.utils.kg_build.knowledge.KnowledgeCodeBase object at 0x7ff3afbfb810>
2026-01-29 18:31:01,797 - Knowledge - INFO - persist ingested knowledge for /app/data/T0015/304863/b13420e/MERN_Stack_Project_Ecommerce_Hayroo-304863/client/src/components/shop/home/index.js
2026-01-29 18:31:02,041 - Knowledge - INFO - [MONGODB_OP] Completed: persist, Collection: file_info, Duration: 90ms
2026-01-29 18:31:02,430 - Knowledge - INFO - [REDIS_OP] Completed: store_embedding, Key: client/src/components/shop/home/index.js, Duration: 217ms
2026-01-29 18:31:02,612 - Knowledge - INFO - persist search terms embedding for client/src/components/shop/home/index.js
2026-01-29 18:31:02,848 - Knowledge - INFO - process ingested knowledge for /app/data/T0015/304863/b13420e/MERN_Stack_Project_Ecommerce_Hayroo-304863/client/src/components/shop/home/index.js
2026-01-29 18:31:03,026 - Knowledge - INFO - Found code-base-name: https://github.com/kavia-common/MERN_Stack_Project_Ecommerce_Hayroo-304863.git:kavia-master
2026-01-29 18:31:03,205 - Knowledge - INFO - Found code_base: <app.utils.kg_build.knowledge.KnowledgeCodeBase object at 0x7ff3afbfb810>
2026-01-29 18:31:03,465 - Knowledge - INFO - Found code-base-name: https://github.com/kavia-common/MERN_Stack_Project_Ecommerce_Hayroo-304863.git:kavia-master
2026-01-29 18:31:03,619 - Knowledge - INFO - Found code_base: <app.utils.kg_build.knowledge.KnowledgeCodeBase object at 0x7ff3afbfb810>
2026-01-29 18:31:03,794 - Knowledge - INFO - persist ingested knowledge for /app/data/T0015/304863/b13420e/MERN_Stack_Project_Ecommerce_Hayroo-304863/client/src/components/admin/categories/AllCategories.js
2026-01-29 18:31:04,081 - Knowledge - INFO - [MONGODB_OP] Completed: persist, Collection: file_info, Duration: 83ms
2026-01-29 18:31:04,487 - Knowledge - INFO - [REDIS_OP] Completed: store_embedding, Key: client/src/components/admin/categories/AllCategories.js, Duration: 261ms
2026-01-29 18:31:04,682 - Knowledge - INFO - persist search terms embedding for client/src/components/admin/categories/AllCategories.js
2026-01-29 18:31:04,864 - Knowledge - INFO - process ingested knowledge for /app/data/T0015/304863/b13420e/MERN_Stack_Project_Ecommerce_Hayroo-304863/client/src/components/admin/categories/AllCategories.js
2026-01-29 18:31:05,033 - Knowledge - INFO - Found code-base-name: https://github.com/kavia-common/MERN_Stack_Project_Ecommerce_Hayroo-304863.git:kavia-master
2026-01-29 18:31:05,253 - Knowledge - INFO - Found code_base: <app.utils.kg_build.knowledge.KnowledgeCodeBase object at 0x7ff3afbfb810>
2026-01-29 18:31:05,486 - Knowledge - INFO - Found code-base-name: https://github.com/kavia-common/MERN_Stack_Project_Ecommerce_Hayroo-304863.git:kavia-master
2026-01-29 18:31:05,692 - Knowledge - INFO - Found code_base: <app.utils.kg_build.knowledge.KnowledgeCodeBase object at 0x7ff3afbfb810>
2026-01-29 18:31:05,909 - Knowledge - INFO - persist ingested knowledge for /app/data/T0015/304863/b13420e/MERN_Stack_Project_Ecommerce_Hayroo-304863/client/src/App.js
2026-01-29 18:31:06,191 - Knowledge - INFO - [MONGODB_OP] Completed: persist, Collection: file_info, Duration: 98ms
2026-01-29 18:31:06,619 - Knowledge - INFO - [REDIS_OP] Completed: store_embedding, Key: client/src/App.js, Duration: 215ms
2026-01-29 18:31:06,804 - Knowledge - INFO - persist search terms embedding for client/src/App.js
2026-01-29 18:31:07,002 - Knowledge - INFO - process ingested knowledge for /app/data/T0015/304863/b13420e/MERN_Stack_Project_Ecommerce_Hayroo-304863/client/src/App.js
2026-01-29 18:31:07,161 - Knowledge - INFO - Found code-base-name: https://github.com/kavia-common/MERN_Stack_Project_Ecommerce_Hayroo-304863.git:kavia-master
2026-01-29 18:31:07,336 - Knowledge - INFO - Found code_base: <app.utils.kg_build.knowledge.KnowledgeCodeBase object at 0x7ff3afbfb810>
2026-01-29 18:31:07,580 - Knowledge - INFO - Found code-base-name: https://github.com/kavia-common/MERN_Stack_Project_Ecommerce_Hayroo-304863.git:kavia-master
2026-01-29 18:31:07,748 - Knowledge - INFO - Found code_base: <app.utils.kg_build.knowledge.KnowledgeCodeBase object at 0x7ff3afbfb810>
2026-01-29 18:31:07,951 - Knowledge - INFO - persist ingested knowledge for /app/data/T0015/304863/b13420e/MERN_Stack_Project_Ecommerce_Hayroo-304863/client/src/components/admin/dashboardAdmin/FetchApi.js
2026-01-29 18:31:08,193 - Knowledge - INFO - [MONGODB_OP] Completed: persist, Collection: file_info, Duration: 91ms
2026-01-29 18:31:08,670 - Knowledge - INFO - [REDIS_OP] Completed: store_embedding, Key: client/src/components/admin/dashboardAdmin/FetchApi.js, Duration: 285ms
2026-01-29 18:31:08,864 - Knowledge - INFO - persist search terms embedding for client/src/components/admin/dashboardAdmin/FetchApi.js
2026-01-29 18:31:09,050 - Knowledge - INFO - process ingested knowledge for /app/data/T0015/304863/b13420e/MERN_Stack_Project_Ecommerce_Hayroo-304863/client/src/components/admin/dashboardAdmin/FetchApi.js
2026-01-29 18:31:09,262 - Knowledge - INFO - Found code-base-name: https://github.com/kavia-common/MERN_Stack_Project_Ecommerce_Hayroo-304863.git:kavia-master
2026-01-29 18:31:09,495 - Knowledge - INFO - Found code_base: <app.utils.kg_build.knowledge.KnowledgeCodeBase object at 0x7ff3afbfb810>
2026-01-29 18:31:09,721 - Knowledge - INFO - Found code-base-name: https://github.com/kavia-common/MERN_Stack_Project_Ecommerce_Hayroo-304863.git:kavia-master
2026-01-29 18:31:09,870 - Knowledge - INFO - Found code_base: <app.utils.kg_build.knowledge.KnowledgeCodeBase object at 0x7ff3afbfb810>
2026-01-29 18:31:10,038 - Knowledge - INFO - persist ingested knowledge for /app/data/T0015/304863/b13420e/MERN_Stack_Project_Ecommerce_Hayroo-304863/server/routes/orders.js
2026-01-29 18:31:10,320 - Knowledge - INFO - [MONGODB_OP] Completed: persist, Collection: file_info, Duration: 95ms
2026-01-29 18:31:10,790 - Knowledge - INFO - [REDIS_OP] Completed: store_embedding, Key: server/routes/orders.js, Duration: 301ms
2026-01-29 18:31:10,958 - Knowledge - INFO - persist search terms embedding for server/routes/orders.js
2026-01-29 18:31:11,162 - Knowledge - INFO - process ingested knowledge for /app/data/T0015/304863/b13420e/MERN_Stack_Project_Ecommerce_Hayroo-304863/server/routes/orders.js
2026-01-29 18:31:11,314 - Knowledge - INFO - Found code-base-name: https://github.com/kavia-common/MERN_Stack_Project_Ecommerce_Hayroo-304863.git:kavia-master
2026-01-29 18:31:11,477 - Knowledge - INFO - Found code_base: <app.utils.kg_build.knowledge.KnowledgeCodeBase object at 0x7ff3afbfb810>
2026-01-29 18:31:11,722 - Knowledge - INFO - Found code-base-name: https://github.com/kavia-common/MERN_Stack_Project_Ecommerce_Hayroo-304863.git:kavia-master
2026-01-29 18:31:11,961 - Knowledge - INFO - Found code_base: <app.utils.kg_build.knowledge.KnowledgeCodeBase object at 0x7ff3afbfb810>
2026-01-29 18:31:12,187 - Knowledge - INFO - persist ingested knowledge for /app/data/T0015/304863/b13420e/MERN_Stack_Project_Ecommerce_Hayroo-304863/client/src/components/shop/productDetails/style.css
2026-01-29 18:31:12,438 - Knowledge - INFO - [MONGODB_OP] Completed: persist, Collection: file_info, Duration: 107ms
2026-01-29 18:31:12,806 - Knowledge - INFO - [REDIS_OP] Completed: store_embedding, Key: client/src/components/shop/productDetails/style.css, Duration: 220ms
2026-01-29 18:31:12,998 - Knowledge - INFO - persist search terms embedding for client/src/components/shop/productDetails/style.css
2026-01-29 18:31:13,205 - Knowledge - INFO - process ingested knowledge for /app/data/T0015/304863/b13420e/MERN_Stack_Project_Ecommerce_Hayroo-304863/client/src/components/shop/productDetails/style.css
2026-01-29 18:31:13,410 - Knowledge - INFO - Found code-base-name: https://github.com/kavia-common/MERN_Stack_Project_Ecommerce_Hayroo-304863.git:kavia-master
2026-01-29 18:31:13,567 - Knowledge - INFO - Found code_base: <app.utils.kg_build.knowledge.KnowledgeCodeBase object at 0x7ff3afbfb810>
2026-01-29 18:31:13,868 - Knowledge - INFO - Found code-base-name: https://github.com/kavia-common/MERN_Stack_Project_Ecommerce_Hayroo-304863.git:kavia-master
2026-01-29 18:31:14,065 - Knowledge - INFO - Found code_base: <app.utils.kg_build.knowledge.KnowledgeCodeBase object at 0x7ff3afbfb810>
2026-01-29 18:31:14,216 - Knowledge - INFO - persist ingested knowledge for /app/data/T0015/304863/b13420e/MERN_Stack_Project_Ecommerce_Hayroo-304863/client/src/components/shop/partials/FetchApi.js
2026-01-29 18:31:14,459 - Knowledge - INFO - [MONGODB_OP] Completed: persist, Collection: file_info, Duration: 86ms
2026-01-29 18:31:14,920 - Knowledge - INFO - [REDIS_OP] Completed: store_embedding, Key: client/src/components/shop/partials/FetchApi.js, Duration: 266ms
2026-01-29 18:31:15,093 - Knowledge - INFO - persist search terms embedding for client/src/components/shop/partials/FetchApi.js
2026-01-29 18:31:15,274 - Knowledge - INFO - process ingested knowledge for /app/data/T0015/304863/b13420e/MERN_Stack_Project_Ecommerce_Hayroo-304863/client/src/components/shop/partials/FetchApi.js
2026-01-29 18:31:15,469 - Knowledge - INFO - Found code-base-name: https://github.com/kavia-common/MERN_Stack_Project_Ecommerce_Hayroo-304863.git:kavia-master
2026-01-29 18:31:15,676 - Knowledge - INFO - Found code_base: <app.utils.kg_build.knowledge.KnowledgeCodeBase object at 0x7ff3afbfb810>
2026-01-29 18:31:15,909 - Knowledge - INFO - Found code-base-name: https://github.com/kavia-common/MERN_Stack_Project_Ecommerce_Hayroo-304863.git:kavia-master
2026-01-29 18:31:16,055 - Knowledge - INFO - Found code_base: <app.utils.kg_build.knowledge.KnowledgeCodeBase object at 0x7ff3afbfb810>
2026-01-29 18:31:16,229 - Knowledge - INFO - persist ingested knowledge for /app/data/T0015/304863/b13420e/MERN_Stack_Project_Ecommerce_Hayroo-304863/client/src/components/shop/auth/AdminProtectedRoute.js
2026-01-29 18:31:16,527 - Knowledge - INFO - [MONGODB_OP] Completed: persist, Collection: file_info, Duration: 94ms
2026-01-29 18:31:17,302 - Knowledge - INFO - [REDIS_OP] Completed: store_embedding, Key: client/src/components/shop/auth/AdminProtectedRoute.js, Duration: 529ms
2026-01-29 18:31:17,481 - Knowledge - INFO - persist search terms embedding for client/src/components/shop/auth/AdminProtectedRoute.js
2026-01-29 18:31:17,689 - Knowledge - INFO - process ingested knowledge for /app/data/T0015/304863/b13420e/MERN_Stack_Project_Ecommerce_Hayroo-304863/client/src/components/shop/auth/AdminProtectedRoute.js
2026-01-29 18:31:17,847 - Knowledge - INFO - Found code-base-name: https://github.com/kavia-common/MERN_Stack_Project_Ecommerce_Hayroo-304863.git:kavia-master
2026-01-29 18:31:17,992 - Knowledge - INFO - Found code_base: <app.utils.kg_build.knowledge.KnowledgeCodeBase object at 0x7ff3afbfb810>
2026-01-29 18:31:18,259 - Knowledge - INFO - Found code-base-name: https://github.com/kavia-common/MERN_Stack_Project_Ecommerce_Hayroo-304863.git:kavia-master
2026-01-29 18:31:18,447 - Knowledge - INFO - Found code_base: <app.utils.kg_build.knowledge.KnowledgeCodeBase object at 0x7ff3afbfb810>
2026-01-29 18:31:18,623 - Knowledge - INFO - persist ingested knowledge for /app/data/T0015/304863/b13420e/MERN_Stack_Project_Ecommerce_Hayroo-304863/client/src/components/shop/dashboardUser/SettingUser.js
2026-01-29 18:31:18,927 - Knowledge - INFO - [MONGODB_OP] Completed: persist, Collection: file_info, Duration: 101ms
2026-01-29 18:31:19,380 - Knowledge - INFO - [REDIS_OP] Completed: store_embedding, Key: client/src/components/shop/dashboardUser/SettingUser.js, Duration: 269ms
2026-01-29 18:31:19,550 - Knowledge - INFO - persist search terms embedding for client/src/components/shop/dashboardUser/SettingUser.js
2026-01-29 18:31:19,779 - Knowledge - INFO - process ingested knowledge for /app/data/T0015/304863/b13420e/MERN_Stack_Project_Ecommerce_Hayroo-304863/client/src/components/shop/dashboardUser/SettingUser.js
2026-01-29 18:31:19,933 - Knowledge - INFO - Found code-base-name: https://github.com/kavia-common/MERN_Stack_Project_Ecommerce_Hayroo-304863.git:kavia-master
2026-01-29 18:31:20,122 - Knowledge - INFO - Found code_base: <app.utils.kg_build.knowledge.KnowledgeCodeBase object at 0x7ff3afbfb810>
2026-01-29 18:31:20,352 - Knowledge - INFO - Found code-base-name: https://github.com/kavia-common/MERN_Stack_Project_Ecommerce_Hayroo-304863.git:kavia-master
2026-01-29 18:31:20,500 - Knowledge - INFO - Found code_base: <app.utils.kg_build.knowledge.KnowledgeCodeBase object at 0x7ff3afbfb810>
2026-01-29 18:31:20,680 - Knowledge - INFO - persist ingested knowledge for /app/data/T0015/304863/b13420e/MERN_Stack_Project_Ecommerce_Hayroo-304863/client/src/components/shop/home/SingleProduct.js
2026-01-29 18:31:20,970 - Knowledge - INFO - [MONGODB_OP] Completed: persist, Collection: file_info, Duration: 96ms
2026-01-29 18:31:21,409 - Knowledge - INFO - [REDIS_OP] Completed: store_embedding, Key: client/src/components/shop/home/SingleProduct.js, Duration: 284ms
2026-01-29 18:31:21,602 - Knowledge - INFO - persist search terms embedding for client/src/components/shop/home/SingleProduct.js
2026-01-29 18:31:21,804 - Knowledge - INFO - process ingested knowledge for /app/data/T0015/304863/b13420e/MERN_Stack_Project_Ecommerce_Hayroo-304863/client/src/components/shop/home/SingleProduct.js
2026-01-29 18:31:21,963 - Knowledge - INFO - Found code-base-name: https://github.com/kavia-common/MERN_Stack_Project_Ecommerce_Hayroo-304863.git:kavia-master
2026-01-29 18:31:22,113 - Knowledge - INFO - Found code_base: <app.utils.kg_build.knowledge.KnowledgeCodeBase object at 0x7ff3afbfb810>
2026-01-29 18:31:22,382 - Knowledge - INFO - Found code-base-name: https://github.com/kavia-common/MERN_Stack_Project_Ecommerce_Hayroo-304863.git:kavia-master
2026-01-29 18:31:22,594 - Knowledge - INFO - Found code_base: <app.utils.kg_build.knowledge.KnowledgeCodeBase object at 0x7ff3afbfb810>
2026-01-29 18:31:22,775 - Knowledge - INFO - persist ingested knowledge for /app/data/T0015/304863/b13420e/MERN_Stack_Project_Ecommerce_Hayroo-304863/client/src/components/shop/home/Slider.js
2026-01-29 18:31:23,050 - Knowledge - INFO - [MONGODB_OP] Completed: persist, Collection: file_info, Duration: 92ms
2026-01-29 18:31:23,562 - Knowledge - INFO - [REDIS_OP] Completed: store_embedding, Key: client/src/components/shop/home/Slider.js, Duration: 339ms
2026-01-29 18:31:23,718 - Knowledge - INFO - persist search terms embedding for client/src/components/shop/home/Slider.js
2026-01-29 18:31:23,898 - Knowledge - INFO - process ingested knowledge for /app/data/T0015/304863/b13420e/MERN_Stack_Project_Ecommerce_Hayroo-304863/client/src/components/shop/home/Slider.js
2026-01-29 18:31:24,086 - Knowledge - INFO - Found code-base-name: https://github.com/kavia-common/MERN_Stack_Project_Ecommerce_Hayroo-304863.git:kavia-master
2026-01-29 18:31:24,244 - Knowledge - INFO - Found code_base: <app.utils.kg_build.knowledge.KnowledgeCodeBase object at 0x7ff3afbfb810>
2026-01-29 18:31:24,536 - Knowledge - INFO - Found code-base-name: https://github.com/kavia-common/MERN_Stack_Project_Ecommerce_Hayroo-304863.git:kavia-master
2026-01-29 18:31:24,709 - Knowledge - INFO - Found code_base: <app.utils.kg_build.knowledge.KnowledgeCodeBase object at 0x7ff3afbfb810>
2026-01-29 18:31:24,877 - Knowledge - INFO - persist ingested knowledge for /app/data/T0015/304863/b13420e/MERN_Stack_Project_Ecommerce_Hayroo-304863/client/src/components/admin/products/ProductTable.js
2026-01-29 18:31:25,164 - Knowledge - INFO - [MONGODB_OP] Completed: persist, Collection: file_info, Duration: 82ms
2026-01-29 18:31:25,607 - Knowledge - INFO - [REDIS_OP] Completed: store_embedding, Key: client/src/components/admin/products/ProductTable.js, Duration: 264ms
2026-01-29 18:31:25,837 - Knowledge - INFO - persist search terms embedding for client/src/components/admin/products/ProductTable.js
2026-01-29 18:31:25,977 - Knowledge - INFO - process ingested knowledge for /app/data/T0015/304863/b13420e/MERN_Stack_Project_Ecommerce_Hayroo-304863/client/src/components/admin/products/ProductTable.js
2026-01-29 18:31:26,165 - Knowledge - INFO - Found code-base-name: https://github.com/kavia-common/MERN_Stack_Project_Ecommerce_Hayroo-304863.git:kavia-master
2026-01-29 18:31:26,315 - Knowledge - INFO - Found code_base: <app.utils.kg_build.knowledge.KnowledgeCodeBase object at 0x7ff3afbfb810>
2026-01-29 18:31:26,566 - Knowledge - INFO - Found code-base-name: https://github.com/kavia-common/MERN_Stack_Project_Ecommerce_Hayroo-304863.git:kavia-master
2026-01-29 18:31:26,736 - Knowledge - INFO - Found code_base: <app.utils.kg_build.knowledge.KnowledgeCodeBase object at 0x7ff3afbfb810>
2026-01-29 18:31:26,887 - Knowledge - INFO - persist ingested knowledge for /app/data/T0015/304863/b13420e/MERN_Stack_Project_Ecommerce_Hayroo-304863/client/src/components/shop/partials/Mixins.js
2026-01-29 18:31:27,135 - Knowledge - INFO - [MONGODB_OP] Completed: persist, Collection: file_info, Duration: 90ms
2026-01-29 18:31:27,618 - Knowledge - INFO - [REDIS_OP] Completed: store_embedding, Key: client/src/components/shop/partials/Mixins.js, Duration: 338ms
2026-01-29 18:31:27,765 - Knowledge - INFO - persist search terms embedding for client/src/components/shop/partials/Mixins.js
2026-01-29 18:31:27,924 - Knowledge - INFO - process ingested knowledge for /app/data/T0015/304863/b13420e/MERN_Stack_Project_Ecommerce_Hayroo-304863/client/src/components/shop/partials/Mixins.js
2026-01-29 18:31:28,133 - Knowledge - INFO - Found code-base-name: https://github.com/kavia-common/MERN_Stack_Project_Ecommerce_Hayroo-304863.git:kavia-master
2026-01-29 18:31:28,329 - Knowledge - INFO - Found code_base: <app.utils.kg_build.knowledge.KnowledgeCodeBase object at 0x7ff3afbfb810>
2026-01-29 18:31:28,591 - Knowledge - INFO - Found code-base-name: https://github.com/kavia-common/MERN_Stack_Project_Ecommerce_Hayroo-304863.git:kavia-master
2026-01-29 18:31:28,775 - Knowledge - INFO - Found code_base: <app.utils.kg_build.knowledge.KnowledgeCodeBase object at 0x7ff3afbfb810>
2026-01-29 18:31:28,926 - Knowledge - INFO - persist ingested knowledge for /app/data/T0015/304863/b13420e/MERN_Stack_Project_Ecommerce_Hayroo-304863/client/src/components/admin/dashboardAdmin/index.js
2026-01-29 18:31:29,190 - Knowledge - INFO - [MONGODB_OP] Completed: persist, Collection: file_info, Duration: 88ms
2026-01-29 18:31:29,826 - Knowledge - INFO - [REDIS_OP] Completed: store_embedding, Key: client/src/components/admin/dashboardAdmin/index.js, Duration: 404ms
2026-01-29 18:31:30,054 - Knowledge - INFO - persist search terms embedding for client/src/components/admin/dashboardAdmin/index.js
2026-01-29 18:31:30,241 - Knowledge - INFO - process ingested knowledge for /app/data/T0015/304863/b13420e/MERN_Stack_Project_Ecommerce_Hayroo-304863/client/src/components/admin/dashboardAdmin/index.js
2026-01-29 18:31:30,417 - Knowledge - INFO - Found code-base-name: https://github.com/kavia-common/MERN_Stack_Project_Ecommerce_Hayroo-304863.git:kavia-master
2026-01-29 18:31:30,574 - Knowledge - INFO - Found code_base: <app.utils.kg_build.knowledge.KnowledgeCodeBase object at 0x7ff3afbfb810>
2026-01-29 18:31:30,812 - Knowledge - INFO - Found code-base-name: https://github.com/kavia-common/MERN_Stack_Project_Ecommerce_Hayroo-304863.git:kavia-master
2026-01-29 18:31:31,010 - Knowledge - INFO - Found code_base: <app.utils.kg_build.knowledge.KnowledgeCodeBase object at 0x7ff3afbfb810>
2026-01-29 18:31:31,223 - Knowledge - INFO - persist ingested knowledge for /app/data/T0015/304863/b13420e/MERN_Stack_Project_Ecommerce_Hayroo-304863/client/src/components/admin/categories/CategoryMenu.js
2026-01-29 18:31:31,455 - Knowledge - INFO - [MONGODB_OP] Completed: persist, Collection: file_info, Duration: 82ms
2026-01-29 18:31:31,857 - Knowledge - INFO - [REDIS_OP] Completed: store_embedding, Key: client/src/components/admin/categories/CategoryMenu.js, Duration: 249ms
2026-01-29 18:31:32,032 - Knowledge - INFO - persist search terms embedding for client/src/components/admin/categories/CategoryMenu.js
2026-01-29 18:31:32,184 - Knowledge - INFO - process ingested knowledge for /app/data/T0015/304863/b13420e/MERN_Stack_Project_Ecommerce_Hayroo-304863/client/src/components/admin/categories/CategoryMenu.js
2026-01-29 18:31:32,340 - Knowledge - INFO - Found code-base-name: https://github.com/kavia-common/MERN_Stack_Project_Ecommerce_Hayroo-304863.git:kavia-master
2026-01-29 18:31:32,525 - Knowledge - INFO - Found code_base: <app.utils.kg_build.knowledge.KnowledgeCodeBase object at 0x7ff3afbfb810>
2026-01-29 18:31:32,775 - Knowledge - INFO - Found code-base-name: https://github.com/kavia-common/MERN_Stack_Project_Ecommerce_Hayroo-304863.git:kavia-master
2026-01-29 18:31:32,945 - Knowledge - INFO - Found code_base: <app.utils.kg_build.knowledge.KnowledgeCodeBase object at 0x7ff3afbfb810>
2026-01-29 18:31:33,170 - Knowledge - INFO - persist ingested knowledge for /app/data/T0015/304863/b13420e/MERN_Stack_Project_Ecommerce_Hayroo-304863/client/src/components/shop/partials/index.js
2026-01-29 18:31:33,436 - Knowledge - INFO - [MONGODB_OP] Completed: persist, Collection: file_info, Duration: 87ms
2026-01-29 18:31:33,836 - Knowledge - INFO - [REDIS_OP] Completed: store_embedding, Key: client/src/components/shop/partials/index.js, Duration: 231ms
2026-01-29 18:31:34,027 - Knowledge - INFO - persist search terms embedding for client/src/components/shop/partials/index.js
2026-01-29 18:31:34,211 - Knowledge - INFO - process ingested knowledge for /app/data/T0015/304863/b13420e/MERN_Stack_Project_Ecommerce_Hayroo-304863/client/src/components/shop/partials/index.js
2026-01-29 18:31:34,390 - Knowledge - INFO - Found code-base-name: https://github.com/kavia-common/MERN_Stack_Project_Ecommerce_Hayroo-304863.git:kavia-master
2026-01-29 18:31:34,549 - Knowledge - INFO - Found code_base: <app.utils.kg_build.knowledge.KnowledgeCodeBase object at 0x7ff3afbfb810>
2026-01-29 18:31:34,827 - Knowledge - INFO - Found code-base-name: https://github.com/kavia-common/MERN_Stack_Project_Ecommerce_Hayroo-304863.git:kavia-master
2026-01-29 18:31:35,025 - Knowledge - INFO - Found code_base: <app.utils.kg_build.knowledge.KnowledgeCodeBase object at 0x7ff3afbfb810>
2026-01-29 18:31:35,240 - Knowledge - INFO - persist ingested knowledge for /app/data/T0015/304863/b13420e/MERN_Stack_Project_Ecommerce_Hayroo-304863/client/src/components/admin/categories/CategoryContext.js
2026-01-29 18:31:35,465 - Knowledge - INFO - [MONGODB_OP] Completed: persist, Collection: file_info, Duration: 83ms
2026-01-29 18:31:35,984 - Knowledge - INFO - [REDIS_OP] Completed: store_embedding, Key: client/src/components/admin/categories/CategoryContext.js, Duration: 317ms
2026-01-29 18:31:36,223 - Knowledge - INFO - persist search terms embedding for client/src/components/admin/categories/CategoryContext.js
2026-01-29 18:31:36,437 - Knowledge - INFO - process ingested knowledge for /app/data/T0015/304863/b13420e/MERN_Stack_Project_Ecommerce_Hayroo-304863/client/src/components/admin/categories/CategoryContext.js
2026-01-29 18:31:36,604 - Knowledge - INFO - Found code-base-name: https://github.com/kavia-common/MERN_Stack_Project_Ecommerce_Hayroo-304863.git:kavia-master
2026-01-29 18:31:36,753 - Knowledge - INFO - Found code_base: <app.utils.kg_build.knowledge.KnowledgeCodeBase object at 0x7ff3afbfb810>
2026-01-29 18:31:37,001 - Knowledge - INFO - Found code-base-name: https://github.com/kavia-common/MERN_Stack_Project_Ecommerce_Hayroo-304863.git:kavia-master
2026-01-29 18:31:37,155 - Knowledge - INFO - Found code_base: <app.utils.kg_build.knowledge.KnowledgeCodeBase object at 0x7ff3afbfb810>
2026-01-29 18:31:37,337 - Knowledge - INFO - persist ingested knowledge for /app/data/T0015/304863/b13420e/MERN_Stack_Project_Ecommerce_Hayroo-304863/client/src/components/shop/home/ProductCategory.js
2026-01-29 18:31:37,630 - Knowledge - INFO - [MONGODB_OP] Completed: persist, Collection: file_info, Duration: 83ms
2026-01-29 18:31:38,064 - Knowledge - INFO - [REDIS_OP] Completed: store_embedding, Key: client/src/components/shop/home/ProductCategory.js, Duration: 238ms
2026-01-29 18:31:38,214 - Knowledge - INFO - persist search terms embedding for client/src/components/shop/home/ProductCategory.js
2026-01-29 18:31:38,410 - Knowledge - INFO - process ingested knowledge for /app/data/T0015/304863/b13420e/MERN_Stack_Project_Ecommerce_Hayroo-304863/client/src/components/shop/home/ProductCategory.js
2026-01-29 18:31:38,572 - Knowledge - INFO - Found code-base-name: https://github.com/kavia-common/MERN_Stack_Project_Ecommerce_Hayroo-304863.git:kavia-master
2026-01-29 18:31:38,737 - Knowledge - INFO - Found code_base: <app.utils.kg_build.knowledge.KnowledgeCodeBase object at 0x7ff3afbfb810>
2026-01-29 18:31:39,033 - Knowledge - INFO - Found code-base-name: https://github.com/kavia-common/MERN_Stack_Project_Ecommerce_Hayroo-304863.git:kavia-master
2026-01-29 18:31:39,237 - Knowledge - INFO - Found code_base: <app.utils.kg_build.knowledge.KnowledgeCodeBase object at 0x7ff3afbfb810>
2026-01-29 18:31:39,421 - Knowledge - INFO - persist ingested knowledge for /app/data/T0015/304863/b13420e/MERN_Stack_Project_Ecommerce_Hayroo-304863/client/src/components/shop/layout/PageNotFound.js
2026-01-29 18:31:39,672 - Knowledge - INFO - [MONGODB_OP] Completed: persist, Collection: file_info, Duration: 88ms
2026-01-29 18:31:40,080 - Knowledge - INFO - [REDIS_OP] Completed: store_embedding, Key: client/src/components/shop/layout/PageNotFound.js, Duration: 249ms
2026-01-29 18:31:40,247 - Knowledge - INFO - persist search terms embedding for client/src/components/shop/layout/PageNotFound.js
2026-01-29 18:31:40,415 - Knowledge - INFO - process ingested knowledge for /app/data/T0015/304863/b13420e/MERN_Stack_Project_Ecommerce_Hayroo-304863/client/src/components/shop/layout/PageNotFound.js
2026-01-29 18:31:40,599 - Knowledge - INFO - Found code-base-name: https://github.com/kavia-common/MERN_Stack_Project_Ecommerce_Hayroo-304863.git:kavia-master
2026-01-29 18:31:40,793 - Knowledge - INFO - Found code_base: <app.utils.kg_build.knowledge.KnowledgeCodeBase object at 0x7ff3afbfb810>
2026-01-29 18:31:41,027 - Knowledge - INFO - Found code-base-name: https://github.com/kavia-common/MERN_Stack_Project_Ecommerce_Hayroo-304863.git:kavia-master
2026-01-29 18:31:41,229 - Knowledge - INFO - Found code_base: <app.utils.kg_build.knowledge.KnowledgeCodeBase object at 0x7ff3afbfb810>
2026-01-29 18:31:41,403 - Knowledge - INFO - persist ingested knowledge for /app/data/T0015/304863/b13420e/MERN_Stack_Project_Ecommerce_Hayroo-304863/server/routes/customize.js
2026-01-29 18:31:41,636 - Knowledge - INFO - [MONGODB_OP] Completed: persist, Collection: file_info, Duration: 80ms
2026-01-29 18:31:42,090 - Knowledge - INFO - [REDIS_OP] Completed: store_embedding, Key: server/routes/customize.js, Duration: 248ms
2026-01-29 18:31:42,258 - Knowledge - INFO - persist search terms embedding for server/routes/customize.js
2026-01-29 18:31:42,430 - Knowledge - INFO - process ingested knowledge for /app/data/T0015/304863/b13420e/MERN_Stack_Project_Ecommerce_Hayroo-304863/server/routes/customize.js
2026-01-29 18:31:42,632 - Knowledge - INFO - Found code-base-name: https://github.com/kavia-common/MERN_Stack_Project_Ecommerce_Hayroo-304863.git:kavia-master
2026-01-29 18:31:42,792 - Knowledge - INFO - Found code_base: <app.utils.kg_build.knowledge.KnowledgeCodeBase object at 0x7ff3afbfb810>
2026-01-29 18:31:43,041 - Knowledge - INFO - Found code-base-name: https://github.com/kavia-common/MERN_Stack_Project_Ecommerce_Hayroo-304863.git:kavia-master
2026-01-29 18:31:43,221 - Knowledge - INFO - Found code_base: <app.utils.kg_build.knowledge.KnowledgeCodeBase object at 0x7ff3afbfb810>
2026-01-29 18:31:43,381 - Knowledge - INFO - persist ingested knowledge for /app/data/T0015/304863/b13420e/MERN_Stack_Project_Ecommerce_Hayroo-304863/client/src/components/shop/auth/Signup.js
2026-01-29 18:31:43,611 - Knowledge - INFO - [MONGODB_OP] Completed: persist, Collection: file_info, Duration: 84ms
2026-01-29 18:31:44,121 - Knowledge - INFO - [REDIS_OP] Completed: store_embedding, Key: client/src/components/shop/auth/Signup.js, Duration: 311ms
2026-01-29 18:31:44,317 - Knowledge - INFO - persist search terms embedding for client/src/components/shop/auth/Signup.js
2026-01-29 18:31:44,497 - Knowledge - INFO - process ingested knowledge for /app/data/T0015/304863/b13420e/MERN_Stack_Project_Ecommerce_Hayroo-304863/client/src/components/shop/auth/Signup.js
2026-01-29 18:31:44,687 - Knowledge - INFO - Found code-base-name: https://github.com/kavia-common/MERN_Stack_Project_Ecommerce_Hayroo-304863.git:kavia-master
2026-01-29 18:31:44,858 - Knowledge - INFO - Found code_base: <app.utils.kg_build.knowledge.KnowledgeCodeBase object at 0x7ff3afbfb810>
2026-01-29 18:31:45,119 - Knowledge - INFO - Found code-base-name: https://github.com/kavia-common/MERN_Stack_Project_Ecommerce_Hayroo-304863.git:kavia-master
2026-01-29 18:31:45,341 - Knowledge - INFO - Found code_base: <app.utils.kg_build.knowledge.KnowledgeCodeBase object at 0x7ff3afbfb810>
2026-01-29 18:31:45,533 - Knowledge - INFO - persist ingested knowledge for /app/data/T0015/304863/b13420e/MERN_Stack_Project_Ecommerce_Hayroo-304863/client/src/components/admin/index.js
2026-01-29 18:31:45,797 - Knowledge - INFO - [MONGODB_OP] Completed: persist, Collection: file_info, Duration: 98ms
2026-01-29 18:31:46,222 - Knowledge - INFO - [REDIS_OP] Completed: store_embedding, Key: client/src/components/admin/index.js, Duration: 217ms
2026-01-29 18:31:46,451 - Knowledge - INFO - persist search terms embedding for client/src/components/admin/index.js
2026-01-29 18:31:46,679 - Knowledge - INFO - process ingested knowledge for /app/data/T0015/304863/b13420e/MERN_Stack_Project_Ecommerce_Hayroo-304863/client/src/components/admin/index.js
2026-01-29 18:31:46,850 - Knowledge - INFO - Found code-base-name: https://github.com/kavia-common/MERN_Stack_Project_Ecommerce_Hayroo-304863.git:kavia-master
2026-01-29 18:31:47,018 - Knowledge - INFO - Found code_base: <app.utils.kg_build.knowledge.KnowledgeCodeBase object at 0x7ff3afbfb810>
2026-01-29 18:31:47,237 - Knowledge - INFO - Found code-base-name: https://github.com/kavia-common/MERN_Stack_Project_Ecommerce_Hayroo-304863.git:kavia-master
2026-01-29 18:31:47,428 - Knowledge - INFO - Found code_base: <app.utils.kg_build.knowledge.KnowledgeCodeBase object at 0x7ff3afbfb810>
2026-01-29 18:31:47,622 - Knowledge - INFO - persist ingested knowledge for /app/data/T0015/304863/b13420e/MERN_Stack_Project_Ecommerce_Hayroo-304863/README.md
2026-01-29 18:31:47,909 - Knowledge - INFO - [MONGODB_OP] Completed: persist, Collection: file_info, Duration: 93ms
2026-01-29 18:31:48,326 - Knowledge - INFO - [REDIS_OP] Completed: store_embedding, Key: README.md, Duration: 217ms
2026-01-29 18:31:48,478 - Knowledge - INFO - persist search terms embedding for README.md
2026-01-29 18:31:48,640 - Knowledge - INFO - process ingested knowledge for /app/data/T0015/304863/b13420e/MERN_Stack_Project_Ecommerce_Hayroo-304863/README.md
2026-01-29 18:31:48,842 - Knowledge - INFO - Found code-base-name: https://github.com/kavia-common/MERN_Stack_Project_Ecommerce_Hayroo-304863.git:kavia-master
2026-01-29 18:31:49,010 - Knowledge - INFO - Found code_base: <app.utils.kg_build.knowledge.KnowledgeCodeBase object at 0x7ff3afbfb810>
2026-01-29 18:31:49,240 - Knowledge - INFO - Found code-base-name: https://github.com/kavia-common/MERN_Stack_Project_Ecommerce_Hayroo-304863.git:kavia-master
2026-01-29 18:31:49,394 - Knowledge - INFO - Found code_base: <app.utils.kg_build.knowledge.KnowledgeCodeBase object at 0x7ff3afbfb810>
2026-01-29 18:31:49,590 - Knowledge - INFO - persist ingested knowledge for /app/data/T0015/304863/b13420e/MERN_Stack_Project_Ecommerce_Hayroo-304863/client/src/components/index.js
2026-01-29 18:31:49,882 - Knowledge - INFO - [MONGODB_OP] Completed: persist, Collection: file_info, Duration: 93ms
2026-01-29 18:31:50,302 - Knowledge - INFO - [REDIS_OP] Completed: store_embedding, Key: client/src/components/index.js, Duration: 234ms
2026-01-29 18:31:50,501 - Knowledge - INFO - persist search terms embedding for client/src/components/index.js
2026-01-29 18:31:50,690 - Knowledge - INFO - process ingested knowledge for /app/data/T0015/304863/b13420e/MERN_Stack_Project_Ecommerce_Hayroo-304863/client/src/components/index.js
2026-01-29 18:31:50,854 - Knowledge - INFO - Found code-base-name: https://github.com/kavia-common/MERN_Stack_Project_Ecommerce_Hayroo-304863.git:kavia-master
2026-01-29 18:31:51,022 - Knowledge - INFO - Found code_base: <app.utils.kg_build.knowledge.KnowledgeCodeBase object at 0x7ff3afbfb810>
2026-01-29 18:31:51,272 - Knowledge - INFO - Found code-base-name: https://github.com/kavia-common/MERN_Stack_Project_Ecommerce_Hayroo-304863.git:kavia-master
2026-01-29 18:31:51,433 - Knowledge - INFO - Found code_base: <app.utils.kg_build.knowledge.KnowledgeCodeBase object at 0x7ff3afbfb810>
2026-01-29 18:31:51,628 - Knowledge - INFO - persist ingested knowledge for /app/data/T0015/304863/b13420e/MERN_Stack_Project_Ecommerce_Hayroo-304863/client/src/components/shop/order/FetchApi.js
2026-01-29 18:31:51,913 - Knowledge - INFO - [MONGODB_OP] Completed: persist, Collection: file_info, Duration: 94ms
2026-01-29 18:31:52,340 - Knowledge - INFO - [REDIS_OP] Completed: store_embedding, Key: client/src/components/shop/order/FetchApi.js, Duration: 211ms
2026-01-29 18:31:52,522 - Knowledge - INFO - persist search terms embedding for client/src/components/shop/order/FetchApi.js
2026-01-29 18:31:52,716 - Knowledge - INFO - process ingested knowledge for /app/data/T0015/304863/b13420e/MERN_Stack_Project_Ecommerce_Hayroo-304863/client/src/components/shop/order/FetchApi.js
2026-01-29 18:31:52,881 - Knowledge - INFO - Found code-base-name: https://github.com/kavia-common/MERN_Stack_Project_Ecommerce_Hayroo-304863.git:kavia-master
2026-01-29 18:31:53,070 - Knowledge - INFO - Found code_base: <app.utils.kg_build.knowledge.KnowledgeCodeBase object at 0x7ff3afbfb810>
2026-01-29 18:31:53,309 - Knowledge - INFO - Found code-base-name: https://github.com/kavia-common/MERN_Stack_Project_Ecommerce_Hayroo-304863.git:kavia-master
2026-01-29 18:31:53,533 - Knowledge - INFO - Found code_base: <app.utils.kg_build.knowledge.KnowledgeCodeBase object at 0x7ff3afbfb810>
2026-01-29 18:31:53,732 - Knowledge - INFO - persist ingested knowledge for /app/data/T0015/304863/b13420e/MERN_Stack_Project_Ecommerce_Hayroo-304863/client/src/components/admin/categories/EditCategoryModal.js
2026-01-29 18:31:53,970 - Knowledge - INFO - [MONGODB_OP] Completed: persist, Collection: file_info, Duration: 81ms
2026-01-29 18:31:54,421 - Knowledge - INFO - [REDIS_OP] Completed: store_embedding, Key: client/src/components/admin/categories/EditCategoryModal.js, Duration: 240ms
2026-01-29 18:31:54,576 - Knowledge - INFO - persist search terms embedding for client/src/components/admin/categories/EditCategoryModal.js
2026-01-29 18:31:54,737 - Knowledge - INFO - process ingested knowledge for /app/data/T0015/304863/b13420e/MERN_Stack_Project_Ecommerce_Hayroo-304863/client/src/components/admin/categories/EditCategoryModal.js
2026-01-29 18:31:54,921 - Knowledge - INFO - Found code-base-name: https://github.com/kavia-common/MERN_Stack_Project_Ecommerce_Hayroo-304863.git:kavia-master
2026-01-29 18:31:55,131 - Knowledge - INFO - Found code_base: <app.utils.kg_build.knowledge.KnowledgeCodeBase object at 0x7ff3afbfb810>
2026-01-29 18:31:55,382 - Knowledge - INFO - Found code-base-name: https://github.com/kavia-common/MERN_Stack_Project_Ecommerce_Hayroo-304863.git:kavia-master
2026-01-29 18:31:55,568 - Knowledge - INFO - Found code_base: <app.utils.kg_build.knowledge.KnowledgeCodeBase object at 0x7ff3afbfb810>
2026-01-29 18:31:55,730 - Knowledge - INFO - persist ingested knowledge for /app/data/T0015/304863/b13420e/MERN_Stack_Project_Ecommerce_Hayroo-304863/client/src/components/admin/orders/index.js
2026-01-29 18:31:55,971 - Knowledge - INFO - [MONGODB_OP] Completed: persist, Collection: file_info, Duration: 81ms
2026-01-29 18:31:56,460 - Knowledge - INFO - [REDIS_OP] Completed: store_embedding, Key: client/src/components/admin/orders/index.js, Duration: 281ms
2026-01-29 18:31:56,640 - Knowledge - INFO - persist search terms embedding for client/src/components/admin/orders/index.js
2026-01-29 18:31:56,855 - Knowledge - INFO - process ingested knowledge for /app/data/T0015/304863/b13420e/MERN_Stack_Project_Ecommerce_Hayroo-304863/client/src/components/admin/orders/index.js
2026-01-29 18:31:57,047 - Knowledge - INFO - Found code-base-name: https://github.com/kavia-common/MERN_Stack_Project_Ecommerce_Hayroo-304863.git:kavia-master
2026-01-29 18:31:57,218 - Knowledge - INFO - Found code_base: <app.utils.kg_build.knowledge.KnowledgeCodeBase object at 0x7ff3afbfb810>
2026-01-29 18:31:57,458 - Knowledge - INFO - Found code-base-name: https://github.com/kavia-common/MERN_Stack_Project_Ecommerce_Hayroo-304863.git:kavia-master
2026-01-29 18:31:57,654 - Knowledge - INFO - Found code_base: <app.utils.kg_build.knowledge.KnowledgeCodeBase object at 0x7ff3afbfb810>
2026-01-29 18:31:57,806 - Knowledge - INFO - persist ingested knowledge for /app/data/T0015/304863/b13420e/MERN_Stack_Project_Ecommerce_Hayroo-304863/server/controller/orders.js
2026-01-29 18:31:58,097 - Knowledge - INFO - [MONGODB_OP] Completed: persist, Collection: file_info, Duration: 93ms
2026-01-29 18:31:58,510 - Knowledge - INFO - [REDIS_OP] Completed: store_embedding, Key: server/controller/orders.js, Duration: 260ms
2026-01-29 18:31:58,677 - Knowledge - INFO - persist search terms embedding for server/controller/orders.js
2026-01-29 18:31:58,875 - Knowledge - INFO - process ingested knowledge for /app/data/T0015/304863/b13420e/MERN_Stack_Project_Ecommerce_Hayroo-304863/server/controller/orders.js
2026-01-29 18:31:59,059 - Knowledge - INFO - Found code-base-name: https://github.com/kavia-common/MERN_Stack_Project_Ecommerce_Hayroo-304863.git:kavia-master
2026-01-29 18:31:59,256 - Knowledge - INFO - Found code_base: <app.utils.kg_build.knowledge.KnowledgeCodeBase object at 0x7ff3afbfb810>
2026-01-29 18:31:59,475 - Knowledge - INFO - Found code-base-name: https://github.com/kavia-common/MERN_Stack_Project_Ecommerce_Hayroo-304863.git:kavia-master
2026-01-29 18:31:59,665 - Knowledge - INFO - Found code_base: <app.utils.kg_build.knowledge.KnowledgeCodeBase object at 0x7ff3afbfb810>
2026-01-29 18:31:59,842 - Knowledge - INFO - persist ingested knowledge for /app/data/T0015/304863/b13420e/MERN_Stack_Project_Ecommerce_Hayroo-304863/client/src/components/shop/order/CheckoutProducts.js
2026-01-29 18:32:00,118 - Knowledge - INFO - [MONGODB_OP] Completed: persist, Collection: file_info, Duration: 89ms
2026-01-29 18:32:00,533 - Knowledge - INFO - [REDIS_OP] Completed: store_embedding, Key: client/src/components/shop/order/CheckoutProducts.js, Duration: 214ms
2026-01-29 18:32:00,695 - Knowledge - INFO - persist search terms embedding for client/src/components/shop/order/CheckoutProducts.js
2026-01-29 18:32:00,867 - Knowledge - INFO - process ingested knowledge for /app/data/T0015/304863/b13420e/MERN_Stack_Project_Ecommerce_Hayroo-304863/client/src/components/shop/order/CheckoutProducts.js
2026-01-29 18:32:01,057 - Knowledge - INFO - Found code-base-name: https://github.com/kavia-common/MERN_Stack_Project_Ecommerce_Hayroo-304863.git:kavia-master
2026-01-29 18:32:01,253 - Knowledge - INFO - Found code_base: <app.utils.kg_build.knowledge.KnowledgeCodeBase object at 0x7ff3afbfb810>
2026-01-29 18:32:01,502 - Knowledge - INFO - Found code-base-name: https://github.com/kavia-common/MERN_Stack_Project_Ecommerce_Hayroo-304863.git:kavia-master
2026-01-29 18:32:01,667 - Knowledge - INFO - Found code_base: <app.utils.kg_build.knowledge.KnowledgeCodeBase object at 0x7ff3afbfb810>
2026-01-29 18:32:01,834 - Knowledge - INFO - persist ingested knowledge for /app/data/T0015/304863/b13420e/MERN_Stack_Project_Ecommerce_Hayroo-304863/client/src/components/shop/auth/fetchApi.js
2026-01-29 18:32:02,104 - Knowledge - INFO - [MONGODB_OP] Completed: persist, Collection: file_info, Duration: 94ms
2026-01-29 18:32:02,628 - Knowledge - INFO - [REDIS_OP] Completed: store_embedding, Key: client/src/components/shop/auth/fetchApi.js, Duration: 322ms
2026-01-29 18:32:02,784 - Knowledge - INFO - persist search terms embedding for client/src/components/shop/auth/fetchApi.js
2026-01-29 18:32:02,982 - Knowledge - INFO - process ingested knowledge for /app/data/T0015/304863/b13420e/MERN_Stack_Project_Ecommerce_Hayroo-304863/client/src/components/shop/auth/fetchApi.js
2026-01-29 18:32:03,144 - Knowledge - INFO - Found code-base-name: https://github.com/kavia-common/MERN_Stack_Project_Ecommerce_Hayroo-304863.git:kavia-master
2026-01-29 18:32:03,308 - Knowledge - INFO - Found code_base: <app.utils.kg_build.knowledge.KnowledgeCodeBase object at 0x7ff3afbfb810>
2026-01-29 18:32:03,540 - Knowledge - INFO - Found code-base-name: https://github.com/kavia-common/MERN_Stack_Project_Ecommerce_Hayroo-304863.git:kavia-master
2026-01-29 18:32:03,735 - Knowledge - INFO - Found code_base: <app.utils.kg_build.knowledge.KnowledgeCodeBase object at 0x7ff3afbfb810>
2026-01-29 18:32:03,942 - Knowledge - INFO - persist ingested knowledge for /app/data/T0015/304863/b13420e/MERN_Stack_Project_Ecommerce_Hayroo-304863/server/models/orders.js
2026-01-29 18:32:04,186 - Knowledge - INFO - [MONGODB_OP] Completed: persist, Collection: file_info, Duration: 93ms
2026-01-29 18:32:04,581 - Knowledge - INFO - [REDIS_OP] Completed: store_embedding, Key: server/models/orders.js, Duration: 223ms
2026-01-29 18:32:04,772 - Knowledge - INFO - persist search terms embedding for server/models/orders.js
2026-01-29 18:32:04,952 - Knowledge - INFO - process ingested knowledge for /app/data/T0015/304863/b13420e/MERN_Stack_Project_Ecommerce_Hayroo-304863/server/models/orders.js
2026-01-29 18:32:05,127 - Knowledge - INFO - Found code-base-name: https://github.com/kavia-common/MERN_Stack_Project_Ecommerce_Hayroo-304863.git:kavia-master
2026-01-29 18:32:05,301 - Knowledge - INFO - Found code_base: <app.utils.kg_build.knowledge.KnowledgeCodeBase object at 0x7ff3afbfb810>
2026-01-29 18:32:05,523 - Knowledge - INFO - Found code-base-name: https://github.com/kavia-common/MERN_Stack_Project_Ecommerce_Hayroo-304863.git:kavia-master
2026-01-29 18:32:05,683 - Knowledge - INFO - Found code_base: <app.utils.kg_build.knowledge.KnowledgeCodeBase object at 0x7ff3afbfb810>
2026-01-29 18:32:05,894 - Knowledge - INFO - persist ingested knowledge for /app/data/T0015/304863/b13420e/MERN_Stack_Project_Ecommerce_Hayroo-304863/client/src/components/admin/orders/AllOrders.js
2026-01-29 18:32:06,163 - Knowledge - INFO - [MONGODB_OP] Completed: persist, Collection: file_info, Duration: 88ms
2026-01-29 18:32:06,579 - Knowledge - INFO - [REDIS_OP] Completed: store_embedding, Key: client/src/components/admin/orders/AllOrders.js, Duration: 214ms
2026-01-29 18:32:06,745 - Knowledge - INFO - persist search terms embedding for client/src/components/admin/orders/AllOrders.js
2026-01-29 18:32:06,899 - Knowledge - INFO - process ingested knowledge for /app/data/T0015/304863/b13420e/MERN_Stack_Project_Ecommerce_Hayroo-304863/client/src/components/admin/orders/AllOrders.js
2026-01-29 18:32:07,117 - Knowledge - INFO - Found code-base-name: https://github.com/kavia-common/MERN_Stack_Project_Ecommerce_Hayroo-304863.git:kavia-master
2026-01-29 18:32:07,282 - Knowledge - INFO - Found code_base: <app.utils.kg_build.knowledge.KnowledgeCodeBase object at 0x7ff3afbfb810>
2026-01-29 18:32:07,590 - Knowledge - INFO - Found code-base-name: https://github.com/kavia-common/MERN_Stack_Project_Ecommerce_Hayroo-304863.git:kavia-master
2026-01-29 18:32:07,758 - Knowledge - INFO - Found code_base: <app.utils.kg_build.knowledge.KnowledgeCodeBase object at 0x7ff3afbfb810>
2026-01-29 18:32:07,943 - Knowledge - INFO - persist ingested knowledge for /app/data/T0015/304863/b13420e/MERN_Stack_Project_Ecommerce_Hayroo-304863/client/src/components/shop/home/style.css
2026-01-29 18:32:08,232 - Knowledge - INFO - [MONGODB_OP] Completed: persist, Collection: file_info, Duration: 90ms
2026-01-29 18:32:08,713 - Knowledge - INFO - [REDIS_OP] Completed: store_embedding, Key: client/src/components/shop/home/style.css, Duration: 317ms
2026-01-29 18:32:08,909 - Knowledge - INFO - persist search terms embedding for client/src/components/shop/home/style.css
2026-01-29 18:32:09,087 - Knowledge - INFO - process ingested knowledge for /app/data/T0015/304863/b13420e/MERN_Stack_Project_Ecommerce_Hayroo-304863/client/src/components/shop/home/style.css
2026-01-29 18:32:09,276 - Knowledge - INFO - Found code-base-name: https://github.com/kavia-common/MERN_Stack_Project_Ecommerce_Hayroo-304863.git:kavia-master
2026-01-29 18:32:09,436 - Knowledge - INFO - Found code_base: <app.utils.kg_build.knowledge.KnowledgeCodeBase object at 0x7ff3afbfb810>
2026-01-29 18:32:09,683 - Knowledge - INFO - Found code-base-name: https://github.com/kavia-common/MERN_Stack_Project_Ecommerce_Hayroo-304863.git:kavia-master
2026-01-29 18:32:09,877 - Knowledge - INFO - Found code_base: <app.utils.kg_build.knowledge.KnowledgeCodeBase object at 0x7ff3afbfb810>
2026-01-29 18:32:10,034 - Knowledge - INFO - persist ingested knowledge for /app/data/T0015/304863/b13420e/MERN_Stack_Project_Ecommerce_Hayroo-304863/client/src/components/shop/layout/index.js
2026-01-29 18:32:10,287 - Knowledge - INFO - [MONGODB_OP] Completed: persist, Collection: file_info, Duration: 101ms
2026-01-29 18:32:10,686 - Knowledge - INFO - [REDIS_OP] Completed: store_embedding, Key: client/src/components/shop/layout/index.js, Duration: 193ms
2026-01-29 18:32:10,866 - Knowledge - INFO - persist search terms embedding for client/src/components/shop/layout/index.js
2026-01-29 18:32:11,033 - Knowledge - INFO - process ingested knowledge for /app/data/T0015/304863/b13420e/MERN_Stack_Project_Ecommerce_Hayroo-304863/client/src/components/shop/layout/index.js
2026-01-29 18:32:11,222 - Knowledge - INFO - Found code-base-name: https://github.com/kavia-common/MERN_Stack_Project_Ecommerce_Hayroo-304863.git:kavia-master
2026-01-29 18:32:11,411 - Knowledge - INFO - Found code_base: <app.utils.kg_build.knowledge.KnowledgeCodeBase object at 0x7ff3afbfb810>
2026-01-29 18:32:11,652 - Knowledge - INFO - Found code-base-name: https://github.com/kavia-common/MERN_Stack_Project_Ecommerce_Hayroo-304863.git:kavia-master
2026-01-29 18:32:11,809 - Knowledge - INFO - Found code_base: <app.utils.kg_build.knowledge.KnowledgeCodeBase object at 0x7ff3afbfb810>
2026-01-29 18:32:11,965 - Knowledge - INFO - persist ingested knowledge for /app/data/T0015/304863/b13420e/MERN_Stack_Project_Ecommerce_Hayroo-304863/client/src/components/shop/productDetails/Submenu.js
2026-01-29 18:32:12,255 - Knowledge - INFO - [MONGODB_OP] Completed: persist, Collection: file_info, Duration: 86ms
2026-01-29 18:32:12,651 - Knowledge - INFO - [REDIS_OP] Completed: store_embedding, Key: client/src/components/shop/productDetails/Submenu.js, Duration: 216ms
2026-01-29 18:32:12,871 - Knowledge - INFO - persist search terms embedding for client/src/components/shop/productDetails/Submenu.js
2026-01-29 18:32:13,034 - Knowledge - INFO - process ingested knowledge for /app/data/T0015/304863/b13420e/MERN_Stack_Project_Ecommerce_Hayroo-304863/client/src/components/shop/productDetails/Submenu.js
2026-01-29 18:32:13,208 - Knowledge - INFO - Found code-base-name: https://github.com/kavia-common/MERN_Stack_Project_Ecommerce_Hayroo-304863.git:kavia-master
2026-01-29 18:32:13,390 - Knowledge - INFO - Found code_base: <app.utils.kg_build.knowledge.KnowledgeCodeBase object at 0x7ff3afbfb810>
2026-01-29 18:32:13,655 - Knowledge - INFO - Found code-base-name: https://github.com/kavia-common/MERN_Stack_Project_Ecommerce_Hayroo-304863.git:kavia-master
2026-01-29 18:32:13,838 - Knowledge - INFO - Found code_base: <app.utils.kg_build.knowledge.KnowledgeCodeBase object at 0x7ff3afbfb810>
2026-01-29 18:32:14,037 - Knowledge - INFO - persist ingested knowledge for /app/data/T0015/304863/b13420e/MERN_Stack_Project_Ecommerce_Hayroo-304863/client/src/components/admin/partials/AdminNavber.js
2026-01-29 18:32:14,267 - Knowledge - INFO - [MONGODB_OP] Completed: persist, Collection: file_info, Duration: 87ms
2026-01-29 18:32:14,696 - Knowledge - INFO - [REDIS_OP] Completed: store_embedding, Key: client/src/components/admin/partials/AdminNavber.js, Duration: 248ms
2026-01-29 18:32:14,885 - Knowledge - INFO - persist search terms embedding for client/src/components/admin/partials/AdminNavber.js
2026-01-29 18:32:15,038 - Knowledge - INFO - process ingested knowledge for /app/data/T0015/304863/b13420e/MERN_Stack_Project_Ecommerce_Hayroo-304863/client/src/components/admin/partials/AdminNavber.js
2026-01-29 18:32:15,231 - Knowledge - INFO - Found code-base-name: https://github.com/kavia-common/MERN_Stack_Project_Ecommerce_Hayroo-304863.git:kavia-master
2026-01-29 18:32:15,404 - Knowledge - INFO - Found code_base: <app.utils.kg_build.knowledge.KnowledgeCodeBase object at 0x7ff3afbfb810>
2026-01-29 18:32:15,647 - Knowledge - INFO - Found code-base-name: https://github.com/kavia-common/MERN_Stack_Project_Ecommerce_Hayroo-304863.git:kavia-master
2026-01-29 18:32:15,837 - Knowledge - INFO - Found code_base: <app.utils.kg_build.knowledge.KnowledgeCodeBase object at 0x7ff3afbfb810>
2026-01-29 18:32:16,015 - Knowledge - INFO - persist ingested knowledge for /app/data/T0015/304863/b13420e/MERN_Stack_Project_Ecommerce_Hayroo-304863/client/src/serviceWorker.js
2026-01-29 18:32:16,270 - Knowledge - INFO - [MONGODB_OP] Completed: persist, Collection: file_info, Duration: 86ms
2026-01-29 18:32:16,686 - Knowledge - INFO - [REDIS_OP] Completed: store_embedding, Key: client/src/serviceWorker.js, Duration: 217ms
2026-01-29 18:32:16,852 - Knowledge - INFO - persist search terms embedding for client/src/serviceWorker.js
2026-01-29 18:32:17,030 - Knowledge - INFO - process ingested knowledge for /app/data/T0015/304863/b13420e/MERN_Stack_Project_Ecommerce_Hayroo-304863/client/src/serviceWorker.js
2026-01-29 18:32:17,236 - Knowledge - INFO - Found code-base-name: https://github.com/kavia-common/MERN_Stack_Project_Ecommerce_Hayroo-304863.git:kavia-master
2026-01-29 18:32:17,415 - Knowledge - INFO - Found code_base: <app.utils.kg_build.knowledge.KnowledgeCodeBase object at 0x7ff3afbfb810>
2026-01-29 18:32:17,648 - Knowledge - INFO - Found code-base-name: https://github.com/kavia-common/MERN_Stack_Project_Ecommerce_Hayroo-304863.git:kavia-master
2026-01-29 18:32:17,808 - Knowledge - INFO - Found code_base: <app.utils.kg_build.knowledge.KnowledgeCodeBase object at 0x7ff3afbfb810>
2026-01-29 18:32:17,974 - Knowledge - INFO - persist ingested knowledge for /app/data/T0015/304863/b13420e/MERN_Stack_Project_Ecommerce_Hayroo-304863/client/src/components/shop/partials/Navber.js
2026-01-29 18:32:18,259 - Knowledge - INFO - [MONGODB_OP] Completed: persist, Collection: file_info, Duration: 84ms
2026-01-29 18:32:18,753 - Knowledge - INFO - [REDIS_OP] Completed: store_embedding, Key: client/src/components/shop/partials/Navber.js, Duration: 264ms
2026-01-29 18:32:18,920 - Knowledge - INFO - persist search terms embedding for client/src/components/shop/partials/Navber.js
2026-01-29 18:32:19,110 - Knowledge - INFO - process ingested knowledge for /app/data/T0015/304863/b13420e/MERN_Stack_Project_Ecommerce_Hayroo-304863/client/src/components/shop/partials/Navber.js
2026-01-29 18:32:19,279 - Knowledge - INFO - Found code-base-name: https://github.com/kavia-common/MERN_Stack_Project_Ecommerce_Hayroo-304863.git:kavia-master
2026-01-29 18:32:19,477 - Knowledge - INFO - Found code_base: <app.utils.kg_build.knowledge.KnowledgeCodeBase object at 0x7ff3afbfb810>
2026-01-29 18:32:19,733 - Knowledge - INFO - Found code-base-name: https://github.com/kavia-common/MERN_Stack_Project_Ecommerce_Hayroo-304863.git:kavia-master
2026-01-29 18:32:19,942 - Knowledge - INFO - Found code_base: <app.utils.kg_build.knowledge.KnowledgeCodeBase object at 0x7ff3afbfb810>
2026-01-29 18:32:20,191 - Knowledge - INFO - persist ingested knowledge for /app/data/T0015/304863/b13420e/MERN_Stack_Project_Ecommerce_Hayroo-304863/client/src/components/admin/dashboardAdmin/Action.js
2026-01-29 18:32:20,430 - Knowledge - INFO - [MONGODB_OP] Completed: persist, Collection: file_info, Duration: 88ms
2026-01-29 18:32:20,810 - Knowledge - INFO - [REDIS_OP] Completed: store_embedding, Key: client/src/components/admin/dashboardAdmin/Action.js, Duration: 218ms
2026-01-29 18:32:21,051 - Knowledge - INFO - persist search terms embedding for client/src/components/admin/dashboardAdmin/Action.js
2026-01-29 18:32:21,223 - Knowledge - INFO - process ingested knowledge for /app/data/T0015/304863/b13420e/MERN_Stack_Project_Ecommerce_Hayroo-304863/client/src/components/admin/dashboardAdmin/Action.js
2026-01-29 18:32:21,391 - Knowledge - INFO - Found code-base-name: https://github.com/kavia-common/MERN_Stack_Project_Ecommerce_Hayroo-304863.git:kavia-master
2026-01-29 18:32:21,607 - Knowledge - INFO - Found code_base: <app.utils.kg_build.knowledge.KnowledgeCodeBase object at 0x7ff3afbfb810>
2026-01-29 18:32:21,909 - Knowledge - INFO - Found code-base-name: https://github.com/kavia-common/MERN_Stack_Project_Ecommerce_Hayroo-304863.git:kavia-master
2026-01-29 18:32:22,075 - Knowledge - INFO - Found code_base: <app.utils.kg_build.knowledge.KnowledgeCodeBase object at 0x7ff3afbfb810>
2026-01-29 18:32:22,253 - Knowledge - INFO - persist ingested knowledge for /app/data/T0015/304863/b13420e/MERN_Stack_Project_Ecommerce_Hayroo-304863/client/README.md
2026-01-29 18:32:22,498 - Knowledge - INFO - [MONGODB_OP] Completed: persist, Collection: file_info, Duration: 88ms
2026-01-29 18:32:22,930 - Knowledge - INFO - [REDIS_OP] Completed: store_embedding, Key: client/README.md, Duration: 266ms
2026-01-29 18:32:23,119 - Knowledge - INFO - persist search terms embedding for client/README.md
2026-01-29 18:32:23,283 - Knowledge - INFO - process ingested knowledge for /app/data/T0015/304863/b13420e/MERN_Stack_Project_Ecommerce_Hayroo-304863/client/README.md
2026-01-29 18:32:23,451 - Knowledge - INFO - Found code-base-name: https://github.com/kavia-common/MERN_Stack_Project_Ecommerce_Hayroo-304863.git:kavia-master
2026-01-29 18:32:23,615 - Knowledge - INFO - Found code_base: <app.utils.kg_build.knowledge.KnowledgeCodeBase object at 0x7ff3afbfb810>
2026-01-29 18:32:23,847 - Knowledge - INFO - Found code-base-name: https://github.com/kavia-common/MERN_Stack_Project_Ecommerce_Hayroo-304863.git:kavia-master
2026-01-29 18:32:24,027 - Knowledge - INFO - Found code_base: <app.utils.kg_build.knowledge.KnowledgeCodeBase object at 0x7ff3afbfb810>
2026-01-29 18:32:24,202 - Knowledge - INFO - persist ingested knowledge for /app/data/T0015/304863/b13420e/MERN_Stack_Project_Ecommerce_Hayroo-304863/client/src/components/shop/partials/Action.js
2026-01-29 18:32:24,505 - Knowledge - INFO - [MONGODB_OP] Completed: persist, Collection: file_info, Duration: 94ms
2026-01-29 18:32:25,035 - Knowledge - INFO - [REDIS_OP] Completed: store_embedding, Key: client/src/components/shop/partials/Action.js, Duration: 285ms
2026-01-29 18:32:25,184 - Knowledge - INFO - persist search terms embedding for client/src/components/shop/partials/Action.js
2026-01-29 18:32:25,344 - Knowledge - INFO - process ingested knowledge for /app/data/T0015/304863/b13420e/MERN_Stack_Project_Ecommerce_Hayroo-304863/client/src/components/shop/partials/Action.js
2026-01-29 18:32:25,522 - Knowledge - INFO - Found code-base-name: https://github.com/kavia-common/MERN_Stack_Project_Ecommerce_Hayroo-304863.git:kavia-master
2026-01-29 18:32:25,676 - Knowledge - INFO - Found code_base: <app.utils.kg_build.knowledge.KnowledgeCodeBase object at 0x7ff3afbfb810>
2026-01-29 18:32:25,923 - Knowledge - INFO - Found code-base-name: https://github.com/kavia-common/MERN_Stack_Project_Ecommerce_Hayroo-304863.git:kavia-master
2026-01-29 18:32:26,128 - Knowledge - INFO - Found code_base: <app.utils.kg_build.knowledge.KnowledgeCodeBase object at 0x7ff3afbfb810>
2026-01-29 18:32:26,326 - Knowledge - INFO - persist ingested knowledge for /app/data/T0015/304863/b13420e/MERN_Stack_Project_Ecommerce_Hayroo-304863/client/src/components/admin/orders/UpdateOrderModal.js
2026-01-29 18:32:26,604 - Knowledge - INFO - [MONGODB_OP] Completed: persist, Collection: file_info, Duration: 80ms
2026-01-29 18:32:27,064 - Knowledge - INFO - [REDIS_OP] Completed: store_embedding, Key: client/src/components/admin/orders/UpdateOrderModal.js, Duration: 296ms
2026-01-29 18:32:27,254 - Knowledge - INFO - persist search terms embedding for client/src/components/admin/orders/UpdateOrderModal.js
2026-01-29 18:32:27,420 - Knowledge - INFO - process ingested knowledge for /app/data/T0015/304863/b13420e/MERN_Stack_Project_Ecommerce_Hayroo-304863/client/src/components/admin/orders/UpdateOrderModal.js
2026-01-29 18:32:27,658 - Knowledge - INFO - Found code-base-name: https://github.com/kavia-common/MERN_Stack_Project_Ecommerce_Hayroo-304863.git:kavia-master
2026-01-29 18:32:27,825 - Knowledge - INFO - Found code_base: <app.utils.kg_build.knowledge.KnowledgeCodeBase object at 0x7ff3afbfb810>
2026-01-29 18:32:28,113 - Knowledge - INFO - Found code-base-name: https://github.com/kavia-common/MERN_Stack_Project_Ecommerce_Hayroo-304863.git:kavia-master
2026-01-29 18:32:28,305 - Knowledge - INFO - Found code_base: <app.utils.kg_build.knowledge.KnowledgeCodeBase object at 0x7ff3afbfb810>
2026-01-29 18:32:28,469 - Knowledge - INFO - persist ingested knowledge for /app/data/T0015/304863/b13420e/MERN_Stack_Project_Ecommerce_Hayroo-304863/server/models/customize.js
2026-01-29 18:32:28,769 - Knowledge - INFO - [MONGODB_OP] Completed: persist, Collection: file_info, Duration: 82ms
2026-01-29 18:32:29,234 - Knowledge - INFO - [REDIS_OP] Completed: store_embedding, Key: server/models/customize.js, Duration: 305ms
2026-01-29 18:32:29,386 - Knowledge - INFO - persist search terms embedding for server/models/customize.js
2026-01-29 18:32:29,562 - Knowledge - INFO - process ingested knowledge for /app/data/T0015/304863/b13420e/MERN_Stack_Project_Ecommerce_Hayroo-304863/server/models/customize.js
2026-01-29 18:32:29,751 - Knowledge - INFO - Found code-base-name: https://github.com/kavia-common/MERN_Stack_Project_Ecommerce_Hayroo-304863.git:kavia-master
2026-01-29 18:32:29,911 - Knowledge - INFO - Found code_base: <app.utils.kg_build.knowledge.KnowledgeCodeBase object at 0x7ff3afbfb810>
2026-01-29 18:32:30,162 - Knowledge - INFO - Found code-base-name: https://github.com/kavia-common/MERN_Stack_Project_Ecommerce_Hayroo-304863.git:kavia-master
2026-01-29 18:32:30,335 - Knowledge - INFO - Found code_base: <app.utils.kg_build.knowledge.KnowledgeCodeBase object at 0x7ff3afbfb810>
2026-01-29 18:32:30,496 - Knowledge - INFO - persist ingested knowledge for /app/data/T0015/304863/b13420e/MERN_Stack_Project_Ecommerce_Hayroo-304863/client/src/components/shop/order/Action.js
2026-01-29 18:32:30,770 - Knowledge - INFO - [MONGODB_OP] Completed: persist, Collection: file_info, Duration: 86ms
2026-01-29 18:32:31,133 - Knowledge - INFO - [REDIS_OP] Completed: store_embedding, Key: client/src/components/shop/order/Action.js, Duration: 198ms
2026-01-29 18:32:31,304 - Knowledge - INFO - persist search terms embedding for client/src/components/shop/order/Action.js
2026-01-29 18:32:31,506 - Knowledge - INFO - process ingested knowledge for /app/data/T0015/304863/b13420e/MERN_Stack_Project_Ecommerce_Hayroo-304863/client/src/components/shop/order/Action.js
2026-01-29 18:32:31,707 - Knowledge - INFO - Found code-base-name: https://github.com/kavia-common/MERN_Stack_Project_Ecommerce_Hayroo-304863.git:kavia-master
2026-01-29 18:32:31,905 - Knowledge - INFO - Found code_base: <app.utils.kg_build.knowledge.KnowledgeCodeBase object at 0x7ff3afbfb810>
2026-01-29 18:32:32,140 - Knowledge - INFO - Found code-base-name: https://github.com/kavia-common/MERN_Stack_Project_Ecommerce_Hayroo-304863.git:kavia-master
2026-01-29 18:32:32,284 - Knowledge - INFO - Found code_base: <app.utils.kg_build.knowledge.KnowledgeCodeBase object at 0x7ff3afbfb810>
2026-01-29 18:32:32,460 - Knowledge - INFO - persist ingested knowledge for /app/data/T0015/304863/b13420e/MERN_Stack_Project_Ecommerce_Hayroo-304863/client/src/components/admin/products/AddProductModal.js
2026-01-29 18:32:32,702 - Knowledge - INFO - [MONGODB_OP] Completed: persist, Collection: file_info, Duration: 85ms
2026-01-29 18:32:35,337 - Knowledge - INFO - [REDIS_OP] Completed: store_embedding, Key: client/src/components/admin/products/AddProductModal.js, Duration: 2465ms
2026-01-29 18:32:35,484 - Knowledge - INFO - persist search terms embedding for client/src/components/admin/products/AddProductModal.js
2026-01-29 18:32:35,652 - Knowledge - INFO - process ingested knowledge for /app/data/T0015/304863/b13420e/MERN_Stack_Project_Ecommerce_Hayroo-304863/client/src/components/admin/products/AddProductModal.js
2026-01-29 18:32:35,817 - Knowledge - INFO - Found code-base-name: https://github.com/kavia-common/MERN_Stack_Project_Ecommerce_Hayroo-304863.git:kavia-master
2026-01-29 18:32:35,979 - Knowledge - INFO - Found code_base: <app.utils.kg_build.knowledge.KnowledgeCodeBase object at 0x7ff3afbfb810>
2026-01-29 18:32:36,220 - Knowledge - INFO - Found code-base-name: https://github.com/kavia-common/MERN_Stack_Project_Ecommerce_Hayroo-304863.git:kavia-master
2026-01-29 18:32:36,390 - Knowledge - INFO - Found code_base: <app.utils.kg_build.knowledge.KnowledgeCodeBase object at 0x7ff3afbfb810>
2026-01-29 18:32:36,591 - Knowledge - INFO - persist ingested knowledge for /app/data/T0015/304863/b13420e/MERN_Stack_Project_Ecommerce_Hayroo-304863/client/public/index.html
2026-01-29 18:32:36,841 - Knowledge - INFO - [MONGODB_OP] Completed: persist, Collection: file_info, Duration: 91ms
2026-01-29 18:32:37,296 - Knowledge - INFO - [REDIS_OP] Completed: store_embedding, Key: client/public/index.html, Duration: 253ms
2026-01-29 18:32:37,523 - Knowledge - INFO - persist search terms embedding for client/public/index.html
2026-01-29 18:32:37,756 - Knowledge - INFO - process ingested knowledge for /app/data/T0015/304863/b13420e/MERN_Stack_Project_Ecommerce_Hayroo-304863/client/public/index.html
2026-01-29 18:32:37,922 - Knowledge - INFO - Found code-base-name: https://github.com/kavia-common/MERN_Stack_Project_Ecommerce_Hayroo-304863.git:kavia-master
2026-01-29 18:32:38,091 - Knowledge - INFO - Found code_base: <app.utils.kg_build.knowledge.KnowledgeCodeBase object at 0x7ff3afbfb810>
2026-01-29 18:32:38,388 - Knowledge - INFO - Found code-base-name: https://github.com/kavia-common/MERN_Stack_Project_Ecommerce_Hayroo-304863.git:kavia-master
2026-01-29 18:32:38,556 - Knowledge - INFO - Found code_base: <app.utils.kg_build.knowledge.KnowledgeCodeBase object at 0x7ff3afbfb810>
2026-01-29 18:32:38,737 - Knowledge - INFO - persist ingested knowledge for /app/data/T0015/304863/b13420e/MERN_Stack_Project_Ecommerce_Hayroo-304863/client/src/components/admin/orders/SearchFilter.js
2026-01-29 18:32:38,998 - Knowledge - INFO - [MONGODB_OP] Completed: persist, Collection: file_info, Duration: 89ms
2026-01-29 18:32:39,327 - Knowledge - INFO - [REDIS_OP] Completed: store_embedding, Key: client/src/components/admin/orders/SearchFilter.js, Duration: 173ms
2026-01-29 18:32:39,532 - Knowledge - INFO - persist search terms embedding for client/src/components/admin/orders/SearchFilter.js
2026-01-29 18:32:39,686 - Knowledge - INFO - process ingested knowledge for /app/data/T0015/304863/b13420e/MERN_Stack_Project_Ecommerce_Hayroo-304863/client/src/components/admin/orders/SearchFilter.js
2026-01-29 18:32:39,885 - Knowledge - INFO - Found code-base-name: https://github.com/kavia-common/MERN_Stack_Project_Ecommerce_Hayroo-304863.git:kavia-master
2026-01-29 18:32:40,073 - Knowledge - INFO - Found code_base: <app.utils.kg_build.knowledge.KnowledgeCodeBase object at 0x7ff3afbfb810>
2026-01-29 18:32:40,359 - Knowledge - INFO - Found code-base-name: https://github.com/kavia-common/MERN_Stack_Project_Ecommerce_Hayroo-304863.git:kavia-master
2026-01-29 18:32:40,507 - Knowledge - INFO - Found code_base: <app.utils.kg_build.knowledge.KnowledgeCodeBase object at 0x7ff3afbfb810>
2026-01-29 18:32:40,675 - Knowledge - INFO - persist ingested knowledge for /app/data/T0015/304863/b13420e/MERN_Stack_Project_Ecommerce_Hayroo-304863/server/controller/customize.js
2026-01-29 18:32:40,921 - Knowledge - INFO - [MONGODB_OP] Completed: persist, Collection: file_info, Duration: 90ms
2026-01-29 18:32:41,323 - Knowledge - INFO - [REDIS_OP] Completed: store_embedding, Key: server/controller/customize.js, Duration: 219ms
2026-01-29 18:32:41,507 - Knowledge - INFO - persist search terms embedding for server/controller/customize.js
2026-01-29 18:32:41,700 - Knowledge - INFO - process ingested knowledge for /app/data/T0015/304863/b13420e/MERN_Stack_Project_Ecommerce_Hayroo-304863/server/controller/customize.js
2026-01-29 18:32:41,886 - Knowledge - INFO - Found code-base-name: https://github.com/kavia-common/MERN_Stack_Project_Ecommerce_Hayroo-304863.git:kavia-master
2026-01-29 18:32:42,090 - Knowledge - INFO - Found code_base: <app.utils.kg_build.knowledge.KnowledgeCodeBase object at 0x7ff3afbfb810>
2026-01-29 18:32:42,344 - Knowledge - INFO - Found code-base-name: https://github.com/kavia-common/MERN_Stack_Project_Ecommerce_Hayroo-304863.git:kavia-master
2026-01-29 18:32:42,502 - Knowledge - INFO - Found code_base: <app.utils.kg_build.knowledge.KnowledgeCodeBase object at 0x7ff3afbfb810>
2026-01-29 18:32:42,699 - Knowledge - INFO - persist ingested knowledge for /app/data/T0015/304863/b13420e/MERN_Stack_Project_Ecommerce_Hayroo-304863/client/src/components/admin/partials/AdminSidebar.js
2026-01-29 18:32:42,958 - Knowledge - INFO - [MONGODB_OP] Completed: persist, Collection: file_info, Duration: 87ms
2026-01-29 18:32:43,370 - Knowledge - INFO - [REDIS_OP] Completed: store_embedding, Key: client/src/components/admin/partials/AdminSidebar.js, Duration: 226ms
2026-01-29 18:32:43,540 - Knowledge - INFO - persist search terms embedding for client/src/components/admin/partials/AdminSidebar.js
2026-01-29 18:32:43,705 - Knowledge - INFO - process ingested knowledge for /app/data/T0015/304863/b13420e/MERN_Stack_Project_Ecommerce_Hayroo-304863/client/src/components/admin/partials/AdminSidebar.js
2026-01-29 18:32:43,870 - Knowledge - INFO - Found code-base-name: https://github.com/kavia-common/MERN_Stack_Project_Ecommerce_Hayroo-304863.git:kavia-master
2026-01-29 18:32:44,029 - Knowledge - INFO - Found code_base: <app.utils.kg_build.knowledge.KnowledgeCodeBase object at 0x7ff3afbfb810>
2026-01-29 18:32:44,260 - Knowledge - INFO - Found code-base-name: https://github.com/kavia-common/MERN_Stack_Project_Ecommerce_Hayroo-304863.git:kavia-master
2026-01-29 18:32:44,439 - Knowledge - INFO - Found code_base: <app.utils.kg_build.knowledge.KnowledgeCodeBase object at 0x7ff3afbfb810>
2026-01-29 18:32:44,632 - Knowledge - INFO - persist ingested knowledge for /app/data/T0015/304863/b13420e/MERN_Stack_Project_Ecommerce_Hayroo-304863/client/src/components/admin/dashboardAdmin/DashboardCard.js
2026-01-29 18:32:44,888 - Knowledge - INFO - [MONGODB_OP] Completed: persist, Collection: file_info, Duration: 84ms
2026-01-29 18:32:45,335 - Knowledge - INFO - [REDIS_OP] Completed: store_embedding, Key: client/src/components/admin/dashboardAdmin/DashboardCard.js, Duration: 243ms
2026-01-29 18:32:45,510 - Knowledge - INFO - persist search terms embedding for client/src/components/admin/dashboardAdmin/DashboardCard.js
2026-01-29 18:32:45,716 - Knowledge - INFO - process ingested knowledge for /app/data/T0015/304863/b13420e/MERN_Stack_Project_Ecommerce_Hayroo-304863/client/src/components/admin/dashboardAdmin/DashboardCard.js
2026-01-29 18:32:45,908 - Knowledge - INFO - Found code-base-name: https://github.com/kavia-common/MERN_Stack_Project_Ecommerce_Hayroo-304863.git:kavia-master
2026-01-29 18:32:46,114 - Knowledge - INFO - Found code_base: <app.utils.kg_build.knowledge.KnowledgeCodeBase object at 0x7ff3afbfb810>
2026-01-29 18:32:46,366 - Knowledge - INFO - Found code-base-name: https://github.com/kavia-common/MERN_Stack_Project_Ecommerce_Hayroo-304863.git:kavia-master
2026-01-29 18:32:46,518 - Knowledge - INFO - Found code_base: <app.utils.kg_build.knowledge.KnowledgeCodeBase object at 0x7ff3afbfb810>
2026-01-29 18:32:46,701 - Knowledge - INFO - persist ingested knowledge for /app/data/T0015/304863/b13420e/MERN_Stack_Project_Ecommerce_Hayroo-304863/client/src/components/admin/orders/FetchApi.js
2026-01-29 18:32:46,960 - Knowledge - INFO - [MONGODB_OP] Completed: persist, Collection: file_info, Duration: 86ms
2026-01-29 18:32:47,402 - Knowledge - INFO - [REDIS_OP] Completed: store_embedding, Key: client/src/components/admin/orders/FetchApi.js, Duration: 230ms
2026-01-29 18:32:47,583 - Knowledge - INFO - persist search terms embedding for client/src/components/admin/orders/FetchApi.js
2026-01-29 18:32:47,787 - Knowledge - INFO - process ingested knowledge for /app/data/T0015/304863/b13420e/MERN_Stack_Project_Ecommerce_Hayroo-304863/client/src/components/admin/orders/FetchApi.js
2026-01-29 18:32:47,961 - Knowledge - INFO - Found code-base-name: https://github.com/kavia-common/MERN_Stack_Project_Ecommerce_Hayroo-304863.git:kavia-master
2026-01-29 18:32:48,179 - Knowledge - INFO - Found code_base: <app.utils.kg_build.knowledge.KnowledgeCodeBase object at 0x7ff3afbfb810>
2026-01-29 18:32:48,432 - Knowledge - INFO - Found code-base-name: https://github.com/kavia-common/MERN_Stack_Project_Ecommerce_Hayroo-304863.git:kavia-master
2026-01-29 18:32:48,625 - Knowledge - INFO - Found code_base: <app.utils.kg_build.knowledge.KnowledgeCodeBase object at 0x7ff3afbfb810>
2026-01-29 18:32:48,816 - Knowledge - INFO - persist ingested knowledge for /app/data/T0015/304863/b13420e/MERN_Stack_Project_Ecommerce_Hayroo-304863/client/src/components/admin/orders/AddCategoryModal.js
2026-01-29 18:32:49,080 - Knowledge - INFO - [MONGODB_OP] Completed: persist, Collection: file_info, Duration: 91ms
2026-01-29 18:32:49,518 - Knowledge - INFO - [REDIS_OP] Completed: store_embedding, Key: client/src/components/admin/orders/AddCategoryModal.js, Duration: 244ms
2026-01-29 18:32:49,743 - Knowledge - INFO - persist search terms embedding for client/src/components/admin/orders/AddCategoryModal.js
2026-01-29 18:32:49,922 - Knowledge - INFO - process ingested knowledge for /app/data/T0015/304863/b13420e/MERN_Stack_Project_Ecommerce_Hayroo-304863/client/src/components/admin/orders/AddCategoryModal.js
2026-01-29 18:32:50,132 - Knowledge - INFO - Loaded 128 files from persisted knowledge
2026-01-29 18:32:50,283 - Knowledge - INFO - load persisted knowledge: end
2026-01-29 18:32:50,451 - Knowledge - INFO - Redis support added with prefix knowledge:b13420e:
2026-01-29 18:32:50,725 - Knowledge - INFO - Starting knowledge initialization for ID: r2Ktdu-b13420e
2026-01-29 18:32:50,915 - Knowledge - INFO - 🔍 Checking Redis for build_id: b13420e
2026-01-29 18:32:51,107 - Knowledge - INFO - 🔍 Full session ID: r2Ktdu-b13420e
2026-01-29 18:32:51,268 - Knowledge - INFO - 🔍 Redis prefix will be: knowledge:b13420e:
2026-01-29 18:32:51,439 - Knowledge - INFO - 🔍 Using attached load_from_redis() method
2026-01-29 18:32:51,630 - Knowledge - INFO - 🔍 Attempting to load knowledge from Redis...
2026-01-29 18:32:51,827 - Knowledge - INFO - 🔍 Using derived instance_id for Redis lookup: b13420e
2026-01-29 18:32:52,030 - Knowledge - INFO - ✅ Redis cache found! Loading knowledge...
2026-01-29 18:32:52,221 - Knowledge - INFO - ✅ Successfully loaded from Redis: 128 files
2026-01-29 18:32:52,478 - Knowledge - INFO - ✅ Redis load complete: 128 files in 1.04s
2026-01-29 18:32:52,660 - Knowledge - INFO - ⚡ Total Redis path: 1.04s (vs ~300s from disk)
2026-01-29 18:32:52,826 - Knowledge - INFO - Saving knowledge to Redis...
2026-01-29 18:32:53,113 - Knowledge - INFO - Knowledge saved to Redis successfully
2026-02-02 15:43:40,016 - Knowledge - INFO - Created shared MongoDB connection pool
2026-02-02 15:43:40,319 - Knowledge - INFO - Starting Knowledge Graph processing with 20 threads
2026-02-02 15:43:40,479 - Knowledge - INFO - Initial configuration: chunk_size=65536, max_cache_size=500
2026-02-02 15:43:40,649 - Knowledge - INFO - Knowledge Graph concurrency configuration: workers=20, max_batch_size=10, max_concurrent_llm_calls=50
2026-02-02 15:43:41,797 - Knowledge - INFO - 🔍 _load_persisted_knowledge called - checking for Redis optimization
2026-02-02 15:43:41,953 - Knowledge - WARNING - ❌ load_from_redis method not found - Redis support not attached
2026-02-02 15:43:42,130 - Knowledge - INFO - load persisted knowledge: begin
2026-02-02 15:43:43,620 - Knowledge - INFO - Persisted knowledge files in /app/data/T0015/304863/b13420e/MERN_Stack_Project_Ecommerce_Hayroo-304863/.knowledge have been renamed to use .json
2026-02-02 15:43:43,807 - Knowledge - INFO - Found code-base-name: https://github.com/kavia-common/MERN_Stack_Project_Ecommerce_Hayroo-304863.git:kavia-master
2026-02-02 15:43:43,970 - Knowledge - INFO - Found code_base: <app.utils.kg_build.knowledge.KnowledgeCodeBase object at 0x7fe54a4f47d0>
2026-02-02 15:43:44,165 - Knowledge - INFO - process ingested knowledge for /app/data/T0015/304863/b13420e/MERN_Stack_Project_Ecommerce_Hayroo-304863/server/controller/braintree.js
2026-02-02 15:43:44,399 - Knowledge - INFO - Found code-base-name: https://github.com/kavia-common/MERN_Stack_Project_Ecommerce_Hayroo-304863.git:kavia-master
2026-02-02 15:43:44,563 - Knowledge - INFO - Found code_base: <app.utils.kg_build.knowledge.KnowledgeCodeBase object at 0x7fe54a4f47d0>
2026-02-02 15:43:44,755 - Knowledge - INFO - process ingested knowledge for /app/data/T0015/304863/b13420e/MERN_Stack_Project_Ecommerce_Hayroo-304863/client/src/components/shop/dashboardUser/SearchFilter.js
2026-02-02 15:43:44,942 - Knowledge - INFO - Found code-base-name: https://github.com/kavia-common/MERN_Stack_Project_Ecommerce_Hayroo-304863.git:kavia-master
2026-02-02 15:43:45,288 - Knowledge - INFO - Found code_base: <app.utils.kg_build.knowledge.KnowledgeCodeBase object at 0x7fe54a4f47d0>
2026-02-02 15:43:45,492 - Knowledge - INFO - process ingested knowledge for /app/data/T0015/304863/b13420e/MERN_Stack_Project_Ecommerce_Hayroo-304863/client/src/components/shop/home/ProductByCategory.js
2026-02-02 15:43:45,692 - Knowledge - INFO - Found code-base-name: https://github.com/kavia-common/MERN_Stack_Project_Ecommerce_Hayroo-304863.git:kavia-master
2026-02-02 15:43:45,854 - Knowledge - INFO - Found code_base: <app.utils.kg_build.knowledge.KnowledgeCodeBase object at 0x7fe54a4f47d0>
2026-02-02 15:43:46,098 - Knowledge - INFO - process ingested knowledge for /app/data/T0015/304863/b13420e/MERN_Stack_Project_Ecommerce_Hayroo-304863/client/src/components/admin/dashboardAdmin/Customize.js
2026-02-02 15:43:46,317 - Knowledge - INFO - Found code-base-name: https://github.com/kavia-common/MERN_Stack_Project_Ecommerce_Hayroo-304863.git:kavia-master
2026-02-02 15:43:46,484 - Knowledge - INFO - Found code_base: <app.utils.kg_build.knowledge.KnowledgeCodeBase object at 0x7fe54a4f47d0>
2026-02-02 15:43:46,662 - Knowledge - INFO - process ingested knowledge for /app/data/T0015/304863/b13420e/MERN_Stack_Project_Ecommerce_Hayroo-304863/client/src/components/shop/home/OrderSuccessMessage.js
2026-02-02 15:43:46,873 - Knowledge - INFO - Found code-base-name: https://github.com/kavia-common/MERN_Stack_Project_Ecommerce_Hayroo-304863.git:kavia-master
2026-02-02 15:43:47,064 - Knowledge - INFO - Found code_base: <app.utils.kg_build.knowledge.KnowledgeCodeBase object at 0x7fe54a4f47d0>
2026-02-02 15:43:47,248 - Knowledge - INFO - process ingested knowledge for /app/data/T0015/304863/b13420e/MERN_Stack_Project_Ecommerce_Hayroo-304863/server/config/uploadFolderCreateScript.js
2026-02-02 15:43:47,463 - Knowledge - INFO - Found code-base-name: https://github.com/kavia-common/MERN_Stack_Project_Ecommerce_Hayroo-304863.git:kavia-master
2026-02-02 15:43:47,679 - Knowledge - INFO - Found code_base: <app.utils.kg_build.knowledge.KnowledgeCodeBase object at 0x7fe54a4f47d0>
2026-02-02 15:43:47,883 - Knowledge - INFO - process ingested knowledge for /app/data/T0015/304863/b13420e/MERN_Stack_Project_Ecommerce_Hayroo-304863/server/middleware/auth.js
2026-02-02 15:43:48,080 - Knowledge - INFO - Found code-base-name: https://github.com/kavia-common/MERN_Stack_Project_Ecommerce_Hayroo-304863.git:kavia-master
2026-02-02 15:43:48,259 - Knowledge - INFO - Found code_base: <app.utils.kg_build.knowledge.KnowledgeCodeBase object at 0x7fe54a4f47d0>
2026-02-02 15:43:48,457 - Knowledge - INFO - process ingested knowledge for /app/data/T0015/304863/b13420e/MERN_Stack_Project_Ecommerce_Hayroo-304863/client/src/components/shop/dashboardUser/DashboardUserContext.js
2026-02-02 15:43:48,631 - Knowledge - INFO - Found code-base-name: https://github.com/kavia-common/MERN_Stack_Project_Ecommerce_Hayroo-304863.git:kavia-master
2026-02-02 15:43:48,790 - Knowledge - INFO - Found code_base: <app.utils.kg_build.knowledge.KnowledgeCodeBase object at 0x7fe54a4f47d0>
2026-02-02 15:43:48,990 - Knowledge - INFO - process ingested knowledge for /app/data/T0015/304863/b13420e/MERN_Stack_Project_Ecommerce_Hayroo-304863/client/src/components/shop/productDetails/ProductDetailsSection.js
2026-02-02 15:43:49,161 - Knowledge - INFO - Found code-base-name: https://github.com/kavia-common/MERN_Stack_Project_Ecommerce_Hayroo-304863.git:kavia-master
2026-02-02 15:43:49,362 - Knowledge - INFO - Found code_base: <app.utils.kg_build.knowledge.KnowledgeCodeBase object at 0x7fe54a4f47d0>
2026-02-02 15:43:49,583 - Knowledge - INFO - process ingested knowledge for /app/data/T0015/304863/b13420e/MERN_Stack_Project_Ecommerce_Hayroo-304863/client/src/components/shop/productDetails/ProductDetailsContext.js
2026-02-02 15:43:49,798 - Knowledge - INFO - Found code-base-name: https://github.com/kavia-common/MERN_Stack_Project_Ecommerce_Hayroo-304863.git:kavia-master
2026-02-02 15:43:49,995 - Knowledge - INFO - Found code_base: <app.utils.kg_build.knowledge.KnowledgeCodeBase object at 0x7fe54a4f47d0>
2026-02-02 15:43:50,180 - Knowledge - INFO - process ingested knowledge for /app/data/T0015/304863/b13420e/MERN_Stack_Project_Ecommerce_Hayroo-304863/client/src/components/shop/dashboardUser/FetchApi.js
2026-02-02 15:43:50,392 - Knowledge - INFO - Found code-base-name: https://github.com/kavia-common/MERN_Stack_Project_Ecommerce_Hayroo-304863.git:kavia-master
2026-02-02 15:43:50,626 - Knowledge - INFO - Found code_base: <app.utils.kg_build.knowledge.KnowledgeCodeBase object at 0x7fe54a4f47d0>
2026-02-02 15:43:50,841 - Knowledge - INFO - process ingested knowledge for /app/data/T0015/304863/b13420e/MERN_Stack_Project_Ecommerce_Hayroo-304863/client/src/components/admin/products/index.js
2026-02-02 15:43:51,048 - Knowledge - INFO - Found code-base-name: https://github.com/kavia-common/MERN_Stack_Project_Ecommerce_Hayroo-304863.git:kavia-master
2026-02-02 15:43:51,231 - Knowledge - INFO - Found code_base: <app.utils.kg_build.knowledge.KnowledgeCodeBase object at 0x7fe54a4f47d0>
2026-02-02 15:43:51,407 - Knowledge - INFO - process ingested knowledge for /app/data/T0015/304863/b13420e/MERN_Stack_Project_Ecommerce_Hayroo-304863/server/routes/categories.js
2026-02-02 15:43:51,615 - Knowledge - INFO - Found code-base-name: https://github.com/kavia-common/MERN_Stack_Project_Ecommerce_Hayroo-304863.git:kavia-master
2026-02-02 15:43:51,802 - Knowledge - INFO - Found code_base: <app.utils.kg_build.knowledge.KnowledgeCodeBase object at 0x7fe54a4f47d0>
2026-02-02 15:43:52,013 - Knowledge - INFO - process ingested knowledge for /app/data/T0015/304863/b13420e/MERN_Stack_Project_Ecommerce_Hayroo-304863/client/src/components/shop/auth/ProtectedRoute.js
2026-02-02 15:43:52,213 - Knowledge - INFO - Found code-base-name: https://github.com/kavia-common/MERN_Stack_Project_Ecommerce_Hayroo-304863.git:kavia-master
2026-02-02 15:43:52,398 - Knowledge - INFO - Found code_base: <app.utils.kg_build.knowledge.KnowledgeCodeBase object at 0x7fe54a4f47d0>
2026-02-02 15:43:52,596 - Knowledge - INFO - process ingested knowledge for /app/data/T0015/304863/b13420e/MERN_Stack_Project_Ecommerce_Hayroo-304863/server/controller/products.js
2026-02-02 15:43:52,800 - Knowledge - INFO - Found code-base-name: https://github.com/kavia-common/MERN_Stack_Project_Ecommerce_Hayroo-304863.git:kavia-master
2026-02-02 15:43:52,962 - Knowledge - INFO - Found code_base: <app.utils.kg_build.knowledge.KnowledgeCodeBase object at 0x7fe54a4f47d0>
2026-02-02 15:43:53,159 - Knowledge - INFO - process ingested knowledge for /app/data/T0015/304863/b13420e/MERN_Stack_Project_Ecommerce_Hayroo-304863/client/src/components/shop/auth/Login.js
2026-02-02 15:43:53,377 - Knowledge - INFO - Found code-base-name: https://github.com/kavia-common/MERN_Stack_Project_Ecommerce_Hayroo-304863.git:kavia-master
2026-02-02 15:43:53,540 - Knowledge - INFO - Found code_base: <app.utils.kg_build.knowledge.KnowledgeCodeBase object at 0x7fe54a4f47d0>
2026-02-02 15:43:53,732 - Knowledge - INFO - process ingested knowledge for /app/data/T0015/304863/b13420e/MERN_Stack_Project_Ecommerce_Hayroo-304863/server/models/products.js
2026-02-02 15:43:53,933 - Knowledge - INFO - Found code-base-name: https://github.com/kavia-common/MERN_Stack_Project_Ecommerce_Hayroo-304863.git:kavia-master
2026-02-02 15:43:54,139 - Knowledge - INFO - Found code_base: <app.utils.kg_build.knowledge.KnowledgeCodeBase object at 0x7fe54a4f47d0>
2026-02-02 15:43:54,336 - Knowledge - INFO - process ingested knowledge for /app/data/T0015/304863/b13420e/MERN_Stack_Project_Ecommerce_Hayroo-304863/client/src/index.js
2026-02-02 15:43:54,547 - Knowledge - INFO - Found code-base-name: https://github.com/kavia-common/MERN_Stack_Project_Ecommerce_Hayroo-304863.git:kavia-master
2026-02-02 15:43:54,727 - Knowledge - INFO - Found code_base: <app.utils.kg_build.knowledge.KnowledgeCodeBase object at 0x7fe54a4f47d0>
2026-02-02 15:43:54,903 - Knowledge - INFO - process ingested knowledge for /app/data/T0015/304863/b13420e/MERN_Stack_Project_Ecommerce_Hayroo-304863/client/src/components/shop/wishlist/FetchApi.js
2026-02-02 15:43:55,126 - Knowledge - INFO - Found code-base-name: https://github.com/kavia-common/MERN_Stack_Project_Ecommerce_Hayroo-304863.git:kavia-master
2026-02-02 15:43:55,284 - Knowledge - INFO - Found code_base: <app.utils.kg_build.knowledge.KnowledgeCodeBase object at 0x7fe54a4f47d0>
2026-02-02 15:43:55,486 - Knowledge - INFO - process ingested knowledge for /app/data/T0015/304863/b13420e/MERN_Stack_Project_Ecommerce_Hayroo-304863/client/src/components/shop/productDetails/FetchApi.js
2026-02-02 15:43:55,713 - Knowledge - INFO - Found code-base-name: https://github.com/kavia-common/MERN_Stack_Project_Ecommerce_Hayroo-304863.git:kavia-master
2026-02-02 15:43:55,867 - Knowledge - INFO - Found code_base: <app.utils.kg_build.knowledge.KnowledgeCodeBase object at 0x7fe54a4f47d0>
2026-02-02 15:43:56,066 - Knowledge - INFO - process ingested knowledge for /app/data/T0015/304863/b13420e/MERN_Stack_Project_Ecommerce_Hayroo-304863/client/src/components/admin/partials/AdminFooter.js
2026-02-02 15:43:56,275 - Knowledge - INFO - Found code-base-name: https://github.com/kavia-common/MERN_Stack_Project_Ecommerce_Hayroo-304863.git:kavia-master
2026-02-02 15:43:56,429 - Knowledge - INFO - Found code_base: <app.utils.kg_build.knowledge.KnowledgeCodeBase object at 0x7fe54a4f47d0>
2026-02-02 15:43:56,606 - Knowledge - INFO - process ingested knowledge for /app/data/T0015/304863/b13420e/MERN_Stack_Project_Ecommerce_Hayroo-304863/server/routes/users.js
2026-02-02 15:43:56,801 - Knowledge - INFO - Found code-base-name: https://github.com/kavia-common/MERN_Stack_Project_Ecommerce_Hayroo-304863.git:kavia-master
2026-02-02 15:43:56,981 - Knowledge - INFO - Found code_base: <app.utils.kg_build.knowledge.KnowledgeCodeBase object at 0x7fe54a4f47d0>
2026-02-02 15:43:57,151 - Knowledge - INFO - process ingested knowledge for /app/data/T0015/304863/b13420e/MERN_Stack_Project_Ecommerce_Hayroo-304863/client/src/components/admin/products/EditProductModal.js
2026-02-02 15:43:57,308 - Knowledge - INFO - Found code-base-name: https://github.com/kavia-common/MERN_Stack_Project_Ecommerce_Hayroo-304863.git:kavia-master
2026-02-02 15:43:57,518 - Knowledge - INFO - Found code_base: <app.utils.kg_build.knowledge.KnowledgeCodeBase object at 0x7fe54a4f47d0>
2026-02-02 15:43:57,719 - Knowledge - INFO - process ingested knowledge for /app/data/T0015/304863/b13420e/MERN_Stack_Project_Ecommerce_Hayroo-304863/client/src/components/admin/products/FetchApi.js
2026-02-02 15:43:57,889 - Knowledge - INFO - Found code-base-name: https://github.com/kavia-common/MERN_Stack_Project_Ecommerce_Hayroo-304863.git:kavia-master
2026-02-02 15:43:58,054 - Knowledge - INFO - Found code_base: <app.utils.kg_build.knowledge.KnowledgeCodeBase object at 0x7fe54a4f47d0>
2026-02-02 15:43:58,256 - Knowledge - INFO - process ingested knowledge for /app/data/T0015/304863/b13420e/MERN_Stack_Project_Ecommerce_Hayroo-304863/client/src/components/shop/partials/CartModal.js
2026-02-02 15:43:58,459 - Knowledge - INFO - Found code-base-name: https://github.com/kavia-common/MERN_Stack_Project_Ecommerce_Hayroo-304863.git:kavia-master
2026-02-02 15:43:58,653 - Knowledge - INFO - Found code_base: <app.utils.kg_build.knowledge.KnowledgeCodeBase object at 0x7fe54a4f47d0>
2026-02-02 15:43:58,821 - Knowledge - INFO - process ingested knowledge for /app/data/T0015/304863/b13420e/MERN_Stack_Project_Ecommerce_Hayroo-304863/client/src/components/shop/dashboardUser/UserProfile.js
2026-02-02 15:43:58,989 - Knowledge - INFO - Found code-base-name: https://github.com/kavia-common/MERN_Stack_Project_Ecommerce_Hayroo-304863.git:kavia-master
2026-02-02 15:43:59,177 - Knowledge - INFO - Found code_base: <app.utils.kg_build.knowledge.KnowledgeCodeBase object at 0x7fe54a4f47d0>
2026-02-02 15:43:59,356 - Knowledge - INFO - process ingested knowledge for /app/data/T0015/304863/b13420e/MERN_Stack_Project_Ecommerce_Hayroo-304863/client/src/components/shop/home/HomeContext.js
2026-02-02 15:43:59,518 - Knowledge - INFO - Found code-base-name: https://github.com/kavia-common/MERN_Stack_Project_Ecommerce_Hayroo-304863.git:kavia-master
2026-02-02 15:43:59,696 - Knowledge - INFO - Found code_base: <app.utils.kg_build.knowledge.KnowledgeCodeBase object at 0x7fe54a4f47d0>
2026-02-02 15:43:59,891 - Knowledge - INFO - process ingested knowledge for /app/data/T0015/304863/b13420e/MERN_Stack_Project_Ecommerce_Hayroo-304863/server/routes/auth.js
2026-02-02 15:44:00,052 - Knowledge - INFO - Found code-base-name: https://github.com/kavia-common/MERN_Stack_Project_Ecommerce_Hayroo-304863.git:kavia-master
2026-02-02 15:44:00,261 - Knowledge - INFO - Found code_base: <app.utils.kg_build.knowledge.KnowledgeCodeBase object at 0x7fe54a4f47d0>
2026-02-02 15:44:00,444 - Knowledge - INFO - process ingested knowledge for /app/data/T0015/304863/b13420e/MERN_Stack_Project_Ecommerce_Hayroo-304863/client/public/style.css
2026-02-02 15:44:00,609 - Knowledge - INFO - Found code-base-name: https://github.com/kavia-common/MERN_Stack_Project_Ecommerce_Hayroo-304863.git:kavia-master
2026-02-02 15:44:00,763 - Knowledge - INFO - Found code_base: <app.utils.kg_build.knowledge.KnowledgeCodeBase object at 0x7fe54a4f47d0>
2026-02-02 15:44:00,944 - Knowledge - INFO - process ingested knowledge for /app/data/T0015/304863/b13420e/MERN_Stack_Project_Ecommerce_Hayroo-304863/client/src/components/shop/wishlist/index.js
2026-02-02 15:44:01,165 - Knowledge - INFO - Found code-base-name: https://github.com/kavia-common/MERN_Stack_Project_Ecommerce_Hayroo-304863.git:kavia-master
2026-02-02 15:44:01,345 - Knowledge - INFO - Found code_base: <app.utils.kg_build.knowledge.KnowledgeCodeBase object at 0x7fe54a4f47d0>
2026-02-02 15:44:01,521 - Knowledge - INFO - process ingested knowledge for /app/data/T0015/304863/b13420e/MERN_Stack_Project_Ecommerce_Hayroo-304863/client/src/components/shop/productDetails/index.js
2026-02-02 15:44:01,719 - Knowledge - INFO - Found code-base-name: https://github.com/kavia-common/MERN_Stack_Project_Ecommerce_Hayroo-304863.git:kavia-master
2026-02-02 15:44:01,911 - Knowledge - INFO - Found code_base: <app.utils.kg_build.knowledge.KnowledgeCodeBase object at 0x7fe54a4f47d0>
2026-02-02 15:44:02,165 - Knowledge - INFO - process ingested knowledge for /app/data/T0015/304863/b13420e/MERN_Stack_Project_Ecommerce_Hayroo-304863/server/config/db.js
2026-02-02 15:44:02,372 - Knowledge - INFO - Found code-base-name: https://github.com/kavia-common/MERN_Stack_Project_Ecommerce_Hayroo-304863.git:kavia-master
2026-02-02 15:44:02,549 - Knowledge - INFO - Found code_base: <app.utils.kg_build.knowledge.KnowledgeCodeBase object at 0x7fe54a4f47d0>
2026-02-02 15:44:02,778 - Knowledge - INFO - process ingested knowledge for /app/data/T0015/304863/b13420e/MERN_Stack_Project_Ecommerce_Hayroo-304863/client/src/components/admin/orders/OrderContext.js
2026-02-02 15:44:02,991 - Knowledge - INFO - Found code-base-name: https://github.com/kavia-common/MERN_Stack_Project_Ecommerce_Hayroo-304863.git:kavia-master
2026-02-02 15:44:03,207 - Knowledge - INFO - Found code_base: <app.utils.kg_build.knowledge.KnowledgeCodeBase object at 0x7fe54a4f47d0>
2026-02-02 15:44:03,413 - Knowledge - INFO - process ingested knowledge for /app/data/T0015/304863/b13420e/MERN_Stack_Project_Ecommerce_Hayroo-304863/client/src/components/shop/partials/Footer.js
2026-02-02 15:44:03,601 - Knowledge - INFO - Found code-base-name: https://github.com/kavia-common/MERN_Stack_Project_Ecommerce_Hayroo-304863.git:kavia-master
2026-02-02 15:44:03,810 - Knowledge - INFO - Found code_base: <app.utils.kg_build.knowledge.KnowledgeCodeBase object at 0x7fe54a4f47d0>
2026-02-02 15:44:03,995 - Knowledge - INFO - process ingested knowledge for /app/data/T0015/304863/b13420e/MERN_Stack_Project_Ecommerce_Hayroo-304863/client/src/components/shop/order/CheckoutPage.js
2026-02-02 15:44:04,215 - Knowledge - INFO - Found code-base-name: https://github.com/kavia-common/MERN_Stack_Project_Ecommerce_Hayroo-304863.git:kavia-master
2026-02-02 15:44:04,459 - Knowledge - INFO - Found code_base: <app.utils.kg_build.knowledge.KnowledgeCodeBase object at 0x7fe54a4f47d0>
2026-02-02 15:44:04,667 - Knowledge - INFO - process ingested knowledge for /app/data/T0015/304863/b13420e/MERN_Stack_Project_Ecommerce_Hayroo-304863/client/src/components/admin/orders/OrderMenu.js
2026-02-02 15:44:04,871 - Knowledge - INFO - Found code-base-name: https://github.com/kavia-common/MERN_Stack_Project_Ecommerce_Hayroo-304863.git:kavia-master
2026-02-02 15:44:05,043 - Knowledge - INFO - Found code_base: <app.utils.kg_build.knowledge.KnowledgeCodeBase object at 0x7fe54a4f47d0>
2026-02-02 15:44:05,209 - Knowledge - INFO - process ingested knowledge for /app/data/T0015/304863/b13420e/MERN_Stack_Project_Ecommerce_Hayroo-304863/server/config/function.js
2026-02-02 15:44:05,453 - Knowledge - INFO - Found code-base-name: https://github.com/kavia-common/MERN_Stack_Project_Ecommerce_Hayroo-304863.git:kavia-master
2026-02-02 15:44:05,649 - Knowledge - INFO - Found code_base: <app.utils.kg_build.knowledge.KnowledgeCodeBase object at 0x7fe54a4f47d0>
2026-02-02 15:44:05,812 - Knowledge - INFO - process ingested knowledge for /app/data/T0015/304863/b13420e/MERN_Stack_Project_Ecommerce_Hayroo-304863/client/src/components/shop/productDetails/Mixins.js
2026-02-02 15:44:05,981 - Knowledge - INFO - Found code-base-name: https://github.com/kavia-common/MERN_Stack_Project_Ecommerce_Hayroo-304863.git:kavia-master
2026-02-02 15:44:06,155 - Knowledge - INFO - Found code_base: <app.utils.kg_build.knowledge.KnowledgeCodeBase object at 0x7fe54a4f47d0>
2026-02-02 15:44:06,366 - Knowledge - INFO - process ingested knowledge for /app/data/T0015/304863/b13420e/MERN_Stack_Project_Ecommerce_Hayroo-304863/client/src/components/shop/dashboardUser/index.js
2026-02-02 15:44:06,557 - Knowledge - INFO - Found code-base-name: https://github.com/kavia-common/MERN_Stack_Project_Ecommerce_Hayroo-304863.git:kavia-master
2026-02-02 15:44:06,748 - Knowledge - INFO - Found code_base: <app.utils.kg_build.knowledge.KnowledgeCodeBase object at 0x7fe54a4f47d0>
2026-02-02 15:44:06,930 - Knowledge - INFO - process ingested knowledge for /app/data/T0015/304863/b13420e/MERN_Stack_Project_Ecommerce_Hayroo-304863/client/src/components/admin/orders/Actions.js
2026-02-02 15:44:07,131 - Knowledge - INFO - Found code-base-name: https://github.com/kavia-common/MERN_Stack_Project_Ecommerce_Hayroo-304863.git:kavia-master
2026-02-02 15:44:07,338 - Knowledge - INFO - Found code_base: <app.utils.kg_build.knowledge.KnowledgeCodeBase object at 0x7fe54a4f47d0>
2026-02-02 15:44:07,546 - Knowledge - INFO - process ingested knowledge for /app/data/T0015/304863/b13420e/MERN_Stack_Project_Ecommerce_Hayroo-304863/client/src/components/shop/dashboardUser/Layout.js
2026-02-02 15:44:07,729 - Knowledge - INFO - Found code-base-name: https://github.com/kavia-common/MERN_Stack_Project_Ecommerce_Hayroo-304863.git:kavia-master
2026-02-02 15:44:07,927 - Knowledge - INFO - Found code_base: <app.utils.kg_build.knowledge.KnowledgeCodeBase object at 0x7fe54a4f47d0>
2026-02-02 15:44:08,135 - Knowledge - INFO - process ingested knowledge for /app/data/T0015/304863/b13420e/MERN_Stack_Project_Ecommerce_Hayroo-304863/client/src/components/shop/auth/CartProtectedRoute.js
2026-02-02 15:44:08,302 - Knowledge - INFO - Found code-base-name: https://github.com/kavia-common/MERN_Stack_Project_Ecommerce_Hayroo-304863.git:kavia-master
2026-02-02 15:44:08,511 - Knowledge - INFO - Found code_base: <app.utils.kg_build.knowledge.KnowledgeCodeBase object at 0x7fe54a4f47d0>
2026-02-02 15:44:08,680 - Knowledge - INFO - process ingested knowledge for /app/data/T0015/304863/b13420e/MERN_Stack_Project_Ecommerce_Hayroo-304863/client/src/components/shop/dashboardUser/UserOrders.js
2026-02-02 15:44:08,862 - Knowledge - INFO - Found code-base-name: https://github.com/kavia-common/MERN_Stack_Project_Ecommerce_Hayroo-304863.git:kavia-master
2026-02-02 15:44:09,039 - Knowledge - INFO - Found code_base: <app.utils.kg_build.knowledge.KnowledgeCodeBase object at 0x7fe54a4f47d0>
2026-02-02 15:44:09,231 - Knowledge - INFO - process ingested knowledge for /app/data/T0015/304863/b13420e/MERN_Stack_Project_Ecommerce_Hayroo-304863/client/src/components/shop/dashboardUser/Action.js
2026-02-02 15:44:09,403 - Knowledge - INFO - Found code-base-name: https://github.com/kavia-common/MERN_Stack_Project_Ecommerce_Hayroo-304863.git:kavia-master
2026-02-02 15:44:09,565 - Knowledge - INFO - Found code_base: <app.utils.kg_build.knowledge.KnowledgeCodeBase object at 0x7fe54a4f47d0>
2026-02-02 15:44:09,770 - Knowledge - INFO - process ingested knowledge for /app/data/T0015/304863/b13420e/MERN_Stack_Project_Ecommerce_Hayroo-304863/server/config/keys.js
2026-02-02 15:44:09,938 - Knowledge - INFO - Found code-base-name: https://github.com/kavia-common/MERN_Stack_Project_Ecommerce_Hayroo-304863.git:kavia-master
2026-02-02 15:44:10,138 - Knowledge - INFO - Found code_base: <app.utils.kg_build.knowledge.KnowledgeCodeBase object at 0x7fe54a4f47d0>
2026-02-02 15:44:10,321 - Knowledge - INFO - process ingested knowledge for /app/data/T0015/304863/b13420e/MERN_Stack_Project_Ecommerce_Hayroo-304863/client/src/components/shop/productDetails/Action.js
2026-02-02 15:44:10,509 - Knowledge - INFO - Found code-base-name: https://github.com/kavia-common/MERN_Stack_Project_Ecommerce_Hayroo-304863.git:kavia-master
2026-02-02 15:44:10,698 - Knowledge - INFO - Found code_base: <app.utils.kg_build.knowledge.KnowledgeCodeBase object at 0x7fe54a4f47d0>
2026-02-02 15:44:10,896 - Knowledge - INFO - process ingested knowledge for /app/data/T0015/304863/b13420e/MERN_Stack_Project_Ecommerce_Hayroo-304863/server/package.json
2026-02-02 15:44:11,141 - Knowledge - INFO - Found code-base-name: https://github.com/kavia-common/MERN_Stack_Project_Ecommerce_Hayroo-304863.git:kavia-master
2026-02-02 15:44:11,346 - Knowledge - INFO - Found code_base: <app.utils.kg_build.knowledge.KnowledgeCodeBase object at 0x7fe54a4f47d0>
2026-02-02 15:44:11,539 - Knowledge - INFO - process ingested knowledge for /app/data/T0015/304863/b13420e/MERN_Stack_Project_Ecommerce_Hayroo-304863/client/src/components/shop/wishlist/SingleWishProduct.js
2026-02-02 15:44:11,761 - Knowledge - INFO - Found code-base-name: https://github.com/kavia-common/MERN_Stack_Project_Ecommerce_Hayroo-304863.git:kavia-master
2026-02-02 15:44:11,947 - Knowledge - INFO - Found code_base: <app.utils.kg_build.knowledge.KnowledgeCodeBase object at 0x7fe54a4f47d0>
2026-02-02 15:44:12,135 - Knowledge - INFO - process ingested knowledge for /app/data/T0015/304863/b13420e/MERN_Stack_Project_Ecommerce_Hayroo-304863/client/src/components/admin/layout/index.js
2026-02-02 15:44:12,324 - Knowledge - INFO - Found code-base-name: https://github.com/kavia-common/MERN_Stack_Project_Ecommerce_Hayroo-304863.git:kavia-master
2026-02-02 15:44:12,491 - Knowledge - INFO - Found code_base: <app.utils.kg_build.knowledge.KnowledgeCodeBase object at 0x7fe54a4f47d0>
2026-02-02 15:44:12,713 - Knowledge - INFO - process ingested knowledge for /app/data/T0015/304863/b13420e/MERN_Stack_Project_Ecommerce_Hayroo-304863/server/app.js
2026-02-02 15:44:12,887 - Knowledge - INFO - Found code-base-name: https://github.com/kavia-common/MERN_Stack_Project_Ecommerce_Hayroo-304863.git:kavia-master
2026-02-02 15:44:13,079 - Knowledge - INFO - Found code_base: <app.utils.kg_build.knowledge.KnowledgeCodeBase object at 0x7fe54a4f47d0>
2026-02-02 15:44:13,287 - Knowledge - INFO - process ingested knowledge for /app/data/T0015/304863/b13420e/MERN_Stack_Project_Ecommerce_Hayroo-304863/client/src/components/shop/home/ProductCategoryDropdown.js
2026-02-02 15:44:13,480 - Knowledge - INFO - Found code-base-name: https://github.com/kavia-common/MERN_Stack_Project_Ecommerce_Hayroo-304863.git:kavia-master
2026-02-02 15:44:13,668 - Knowledge - INFO - Found code_base: <app.utils.kg_build.knowledge.KnowledgeCodeBase object at 0x7fe54a4f47d0>
2026-02-02 15:44:13,840 - Knowledge - INFO - process ingested knowledge for /app/data/T0015/304863/b13420e/MERN_Stack_Project_Ecommerce_Hayroo-304863/client/src/components/shop/productDetails/AllReviews.js
2026-02-02 15:44:14,044 - Knowledge - INFO - Found code-base-name: https://github.com/kavia-common/MERN_Stack_Project_Ecommerce_Hayroo-304863.git:kavia-master
2026-02-02 15:44:14,251 - Knowledge - INFO - Found code_base: <app.utils.kg_build.knowledge.KnowledgeCodeBase object at 0x7fe54a4f47d0>
2026-02-02 15:44:14,430 - Knowledge - INFO - process ingested knowledge for /app/data/T0015/304863/b13420e/MERN_Stack_Project_Ecommerce_Hayroo-304863/client/src/components/admin/dashboardAdmin/DashboardContext.js
2026-02-02 15:44:14,608 - Knowledge - INFO - Found code-base-name: https://github.com/kavia-common/MERN_Stack_Project_Ecommerce_Hayroo-304863.git:kavia-master
2026-02-02 15:44:14,822 - Knowledge - INFO - Found code_base: <app.utils.kg_build.knowledge.KnowledgeCodeBase object at 0x7fe54a4f47d0>
2026-02-02 15:44:15,015 - Knowledge - INFO - process ingested knowledge for /app/data/T0015/304863/b13420e/MERN_Stack_Project_Ecommerce_Hayroo-304863/server/controller/categories.js
2026-02-02 15:44:15,199 - Knowledge - INFO - Found code-base-name: https://github.com/kavia-common/MERN_Stack_Project_Ecommerce_Hayroo-304863.git:kavia-master
2026-02-02 15:44:15,385 - Knowledge - INFO - Found code_base: <app.utils.kg_build.knowledge.KnowledgeCodeBase object at 0x7fe54a4f47d0>
2026-02-02 15:44:15,618 - Knowledge - INFO - process ingested knowledge for /app/data/T0015/304863/b13420e/MERN_Stack_Project_Ecommerce_Hayroo-304863/client/src/components/shop/productDetails/Details.js
2026-02-02 15:44:15,820 - Knowledge - INFO - Found code-base-name: https://github.com/kavia-common/MERN_Stack_Project_Ecommerce_Hayroo-304863.git:kavia-master
2026-02-02 15:44:15,998 - Knowledge - INFO - Found code_base: <app.utils.kg_build.knowledge.KnowledgeCodeBase object at 0x7fe54a4f47d0>
2026-02-02 15:44:16,192 - Knowledge - INFO - process ingested knowledge for /app/data/T0015/304863/b13420e/MERN_Stack_Project_Ecommerce_Hayroo-304863/client/src/components/shop/productDetails/ProductDetailsSectionTwo.js
2026-02-02 15:44:16,387 - Knowledge - INFO - Found code-base-name: https://github.com/kavia-common/MERN_Stack_Project_Ecommerce_Hayroo-304863.git:kavia-master
2026-02-02 15:44:16,549 - Knowledge - INFO - Found code_base: <app.utils.kg_build.knowledge.KnowledgeCodeBase object at 0x7fe54a4f47d0>
2026-02-02 15:44:16,715 - Knowledge - INFO - process ingested knowledge for /app/data/T0015/304863/b13420e/MERN_Stack_Project_Ecommerce_Hayroo-304863/client/src/components/shop/productDetails/ReviewForm.js
2026-02-02 15:44:16,883 - Knowledge - INFO - Found code-base-name: https://github.com/kavia-common/MERN_Stack_Project_Ecommerce_Hayroo-304863.git:kavia-master
2026-02-02 15:44:17,048 - Knowledge - INFO - Found code_base: <app.utils.kg_build.knowledge.KnowledgeCodeBase object at 0x7fe54a4f47d0>
2026-02-02 15:44:17,232 - Knowledge - INFO - process ingested knowledge for /app/data/T0015/304863/b13420e/MERN_Stack_Project_Ecommerce_Hayroo-304863/client/src/components/admin/categories/index.js
2026-02-02 15:44:17,409 - Knowledge - INFO - Found code-base-name: https://github.com/kavia-common/MERN_Stack_Project_Ecommerce_Hayroo-304863.git:kavia-master
2026-02-02 15:44:17,583 - Knowledge - INFO - Found code_base: <app.utils.kg_build.knowledge.KnowledgeCodeBase object at 0x7fe54a4f47d0>
2026-02-02 15:44:17,788 - Knowledge - INFO - process ingested knowledge for /app/data/T0015/304863/b13420e/MERN_Stack_Project_Ecommerce_Hayroo-304863/client/src/components/shop/partials/style.css
2026-02-02 15:44:17,983 - Knowledge - INFO - Found code-base-name: https://github.com/kavia-common/MERN_Stack_Project_Ecommerce_Hayroo-304863.git:kavia-master
2026-02-02 15:44:18,178 - Knowledge - INFO - Found code_base: <app.utils.kg_build.knowledge.KnowledgeCodeBase object at 0x7fe54a4f47d0>
2026-02-02 15:44:18,382 - Knowledge - INFO - process ingested knowledge for /app/data/T0015/304863/b13420e/MERN_Stack_Project_Ecommerce_Hayroo-304863/server/models/categories.js
2026-02-02 15:44:18,569 - Knowledge - INFO - Found code-base-name: https://github.com/kavia-common/MERN_Stack_Project_Ecommerce_Hayroo-304863.git:kavia-master
2026-02-02 15:44:18,761 - Knowledge - INFO - Found code_base: <app.utils.kg_build.knowledge.KnowledgeCodeBase object at 0x7fe54a4f47d0>
2026-02-02 15:44:18,987 - Knowledge - INFO - process ingested knowledge for /app/data/T0015/304863/b13420e/MERN_Stack_Project_Ecommerce_Hayroo-304863/client/package.json
2026-02-02 15:44:19,175 - Knowledge - INFO - Found code-base-name: https://github.com/kavia-common/MERN_Stack_Project_Ecommerce_Hayroo-304863.git:kavia-master
2026-02-02 15:44:19,377 - Knowledge - INFO - Found code_base: <app.utils.kg_build.knowledge.KnowledgeCodeBase object at 0x7fe54a4f47d0>
2026-02-02 15:44:19,563 - Knowledge - INFO - process ingested knowledge for /app/data/T0015/304863/b13420e/MERN_Stack_Project_Ecommerce_Hayroo-304863/client/src/components/shop/index.js
2026-02-02 15:44:19,732 - Knowledge - INFO - Found code-base-name: https://github.com/kavia-common/MERN_Stack_Project_Ecommerce_Hayroo-304863.git:kavia-master
2026-02-02 15:44:19,883 - Knowledge - INFO - Found code_base: <app.utils.kg_build.knowledge.KnowledgeCodeBase object at 0x7fe54a4f47d0>
2026-02-02 15:44:20,084 - Knowledge - INFO - process ingested knowledge for /app/data/T0015/304863/b13420e/MERN_Stack_Project_Ecommerce_Hayroo-304863/client/src/components/admin/products/ProductContext.js
2026-02-02 15:44:20,283 - Knowledge - INFO - Found code-base-name: https://github.com/kavia-common/MERN_Stack_Project_Ecommerce_Hayroo-304863.git:kavia-master
2026-02-02 15:44:20,464 - Knowledge - INFO - Found code_base: <app.utils.kg_build.knowledge.KnowledgeCodeBase object at 0x7fe54a4f47d0>
2026-02-02 15:44:20,665 - Knowledge - INFO - process ingested knowledge for /app/data/T0015/304863/b13420e/MERN_Stack_Project_Ecommerce_Hayroo-304863/server/controller/users.js
2026-02-02 15:44:20,865 - Knowledge - INFO - Found code-base-name: https://github.com/kavia-common/MERN_Stack_Project_Ecommerce_Hayroo-304863.git:kavia-master
2026-02-02 15:44:21,067 - Knowledge - INFO - Found code_base: <app.utils.kg_build.knowledge.KnowledgeCodeBase object at 0x7fe54a4f47d0>
2026-02-02 15:44:21,236 - Knowledge - INFO - process ingested knowledge for /app/data/T0015/304863/b13420e/MERN_Stack_Project_Ecommerce_Hayroo-304863/server/routes/products.js
2026-02-02 15:44:21,468 - Knowledge - INFO - Found code-base-name: https://github.com/kavia-common/MERN_Stack_Project_Ecommerce_Hayroo-304863.git:kavia-master
2026-02-02 15:44:21,639 - Knowledge - INFO - Found code_base: <app.utils.kg_build.knowledge.KnowledgeCodeBase object at 0x7fe54a4f47d0>
2026-02-02 15:44:21,827 - Knowledge - INFO - process ingested knowledge for /app/data/T0015/304863/b13420e/MERN_Stack_Project_Ecommerce_Hayroo-304863/client/src/components/admin/categories/AddCategoryModal.js
2026-02-02 15:44:22,033 - Knowledge - INFO - Found code-base-name: https://github.com/kavia-common/MERN_Stack_Project_Ecommerce_Hayroo-304863.git:kavia-master
2026-02-02 15:44:22,207 - Knowledge - INFO - Found code_base: <app.utils.kg_build.knowledge.KnowledgeCodeBase object at 0x7fe54a4f47d0>
2026-02-02 15:44:22,403 - Knowledge - INFO - process ingested knowledge for /app/data/T0015/304863/b13420e/MERN_Stack_Project_Ecommerce_Hayroo-304863/client/src/components/admin/products/ProductMenu.js
2026-02-02 15:44:22,610 - Knowledge - INFO - Found code-base-name: https://github.com/kavia-common/MERN_Stack_Project_Ecommerce_Hayroo-304863.git:kavia-master
2026-02-02 15:44:22,795 - Knowledge - INFO - Found code_base: <app.utils.kg_build.knowledge.KnowledgeCodeBase object at 0x7fe54a4f47d0>
2026-02-02 15:44:23,000 - Knowledge - INFO - process ingested knowledge for /app/data/T0015/304863/b13420e/MERN_Stack_Project_Ecommerce_Hayroo-304863/client/src/components/admin/categories/FetchApi.js
2026-02-02 15:44:23,169 - Knowledge - INFO - Found code-base-name: https://github.com/kavia-common/MERN_Stack_Project_Ecommerce_Hayroo-304863.git:kavia-master
2026-02-02 15:44:23,363 - Knowledge - INFO - Found code_base: <app.utils.kg_build.knowledge.KnowledgeCodeBase object at 0x7fe54a4f47d0>
2026-02-02 15:44:23,568 - Knowledge - INFO - process ingested knowledge for /app/data/T0015/304863/b13420e/MERN_Stack_Project_Ecommerce_Hayroo-304863/server/controller/auth.js
2026-02-02 15:44:23,775 - Knowledge - INFO - Found code-base-name: https://github.com/kavia-common/MERN_Stack_Project_Ecommerce_Hayroo-304863.git:kavia-master
2026-02-02 15:44:23,949 - Knowledge - INFO - Found code_base: <app.utils.kg_build.knowledge.KnowledgeCodeBase object at 0x7fe54a4f47d0>
2026-02-02 15:44:24,151 - Knowledge - INFO - process ingested knowledge for /app/data/T0015/304863/b13420e/MERN_Stack_Project_Ecommerce_Hayroo-304863/server/models/users.js
2026-02-02 15:44:24,402 - Knowledge - INFO - Found code-base-name: https://github.com/kavia-common/MERN_Stack_Project_Ecommerce_Hayroo-304863.git:kavia-master
2026-02-02 15:44:24,593 - Knowledge - INFO - Found code_base: <app.utils.kg_build.knowledge.KnowledgeCodeBase object at 0x7fe54a4f47d0>
2026-02-02 15:44:24,779 - Knowledge - INFO - process ingested knowledge for /app/data/T0015/304863/b13420e/MERN_Stack_Project_Ecommerce_Hayroo-304863/client/src/components/shop/layout/layoutContext.js
2026-02-02 15:44:24,985 - Knowledge - INFO - Found code-base-name: https://github.com/kavia-common/MERN_Stack_Project_Ecommerce_Hayroo-304863.git:kavia-master
2026-02-02 15:44:25,162 - Knowledge - INFO - Found code_base: <app.utils.kg_build.knowledge.KnowledgeCodeBase object at 0x7fe54a4f47d0>
2026-02-02 15:44:25,376 - Knowledge - INFO - process ingested knowledge for /app/data/T0015/304863/b13420e/MERN_Stack_Project_Ecommerce_Hayroo-304863/client/src/components/admin/dashboardAdmin/TodaySell.js
2026-02-02 15:44:25,628 - Knowledge - INFO - Found code-base-name: https://github.com/kavia-common/MERN_Stack_Project_Ecommerce_Hayroo-304863.git:kavia-master
2026-02-02 15:44:25,802 - Knowledge - INFO - Found code_base: <app.utils.kg_build.knowledge.KnowledgeCodeBase object at 0x7fe54a4f47d0>
2026-02-02 15:44:26,017 - Knowledge - INFO - process ingested knowledge for /app/data/T0015/304863/b13420e/MERN_Stack_Project_Ecommerce_Hayroo-304863/client/src/components/shop/home/Mixins.js
2026-02-02 15:44:26,186 - Knowledge - INFO - Found code-base-name: https://github.com/kavia-common/MERN_Stack_Project_Ecommerce_Hayroo-304863.git:kavia-master
2026-02-02 15:44:26,376 - Knowledge - INFO - Found code_base: <app.utils.kg_build.knowledge.KnowledgeCodeBase object at 0x7fe54a4f47d0>
2026-02-02 15:44:26,545 - Knowledge - INFO - process ingested knowledge for /app/data/T0015/304863/b13420e/MERN_Stack_Project_Ecommerce_Hayroo-304863/client/src/components/shop/dashboardUser/Sidebar.js
2026-02-02 15:44:26,738 - Knowledge - INFO - Found code-base-name: https://github.com/kavia-common/MERN_Stack_Project_Ecommerce_Hayroo-304863.git:kavia-master
2026-02-02 15:44:26,935 - Knowledge - INFO - Found code_base: <app.utils.kg_build.knowledge.KnowledgeCodeBase object at 0x7fe54a4f47d0>
2026-02-02 15:44:27,104 - Knowledge - INFO - process ingested knowledge for /app/data/T0015/304863/b13420e/MERN_Stack_Project_Ecommerce_Hayroo-304863/server/routes/braintree.js
2026-02-02 15:44:27,289 - Knowledge - INFO - Found code-base-name: https://github.com/kavia-common/MERN_Stack_Project_Ecommerce_Hayroo-304863.git:kavia-master
2026-02-02 15:44:27,450 - Knowledge - INFO - Found code_base: <app.utils.kg_build.knowledge.KnowledgeCodeBase object at 0x7fe54a4f47d0>
2026-02-02 15:44:27,625 - Knowledge - INFO - process ingested knowledge for /app/data/T0015/304863/b13420e/MERN_Stack_Project_Ecommerce_Hayroo-304863/client/src/components/shop/auth/LoginSignup.js
2026-02-02 15:44:27,840 - Knowledge - INFO - Found code-base-name: https://github.com/kavia-common/MERN_Stack_Project_Ecommerce_Hayroo-304863.git:kavia-master
2026-02-02 15:44:28,015 - Knowledge - INFO - Found code_base: <app.utils.kg_build.knowledge.KnowledgeCodeBase object at 0x7fe54a4f47d0>
2026-02-02 15:44:28,219 - Knowledge - INFO - process ingested knowledge for /app/data/T0015/304863/b13420e/MERN_Stack_Project_Ecommerce_Hayroo-304863/client/src/components/shop/home/index.js
2026-02-02 15:44:28,444 - Knowledge - INFO - Found code-base-name: https://github.com/kavia-common/MERN_Stack_Project_Ecommerce_Hayroo-304863.git:kavia-master
2026-02-02 15:44:28,638 - Knowledge - INFO - Found code_base: <app.utils.kg_build.knowledge.KnowledgeCodeBase object at 0x7fe54a4f47d0>
2026-02-02 15:44:28,796 - Knowledge - INFO - process ingested knowledge for /app/data/T0015/304863/b13420e/MERN_Stack_Project_Ecommerce_Hayroo-304863/client/src/components/admin/categories/AllCategories.js
2026-02-02 15:44:28,981 - Knowledge - INFO - Found code-base-name: https://github.com/kavia-common/MERN_Stack_Project_Ecommerce_Hayroo-304863.git:kavia-master
2026-02-02 15:44:29,141 - Knowledge - INFO - Found code_base: <app.utils.kg_build.knowledge.KnowledgeCodeBase object at 0x7fe54a4f47d0>
2026-02-02 15:44:29,339 - Knowledge - INFO - process ingested knowledge for /app/data/T0015/304863/b13420e/MERN_Stack_Project_Ecommerce_Hayroo-304863/client/src/App.js
2026-02-02 15:44:29,525 - Knowledge - INFO - Found code-base-name: https://github.com/kavia-common/MERN_Stack_Project_Ecommerce_Hayroo-304863.git:kavia-master
2026-02-02 15:44:29,743 - Knowledge - INFO - Found code_base: <app.utils.kg_build.knowledge.KnowledgeCodeBase object at 0x7fe54a4f47d0>
2026-02-02 15:44:29,935 - Knowledge - INFO - process ingested knowledge for /app/data/T0015/304863/b13420e/MERN_Stack_Project_Ecommerce_Hayroo-304863/client/src/components/admin/dashboardAdmin/FetchApi.js
2026-02-02 15:44:30,165 - Knowledge - INFO - Found code-base-name: https://github.com/kavia-common/MERN_Stack_Project_Ecommerce_Hayroo-304863.git:kavia-master
2026-02-02 15:44:30,355 - Knowledge - INFO - Found code_base: <app.utils.kg_build.knowledge.KnowledgeCodeBase object at 0x7fe54a4f47d0>
2026-02-02 15:44:30,560 - Knowledge - INFO - process ingested knowledge for /app/data/T0015/304863/b13420e/MERN_Stack_Project_Ecommerce_Hayroo-304863/server/routes/orders.js
2026-02-02 15:44:30,740 - Knowledge - INFO - Found code-base-name: https://github.com/kavia-common/MERN_Stack_Project_Ecommerce_Hayroo-304863.git:kavia-master
2026-02-02 15:44:30,900 - Knowledge - INFO - Found code_base: <app.utils.kg_build.knowledge.KnowledgeCodeBase object at 0x7fe54a4f47d0>
2026-02-02 15:44:31,121 - Knowledge - INFO - process ingested knowledge for /app/data/T0015/304863/b13420e/MERN_Stack_Project_Ecommerce_Hayroo-304863/client/src/components/shop/productDetails/style.css
2026-02-02 15:44:31,303 - Knowledge - INFO - Found code-base-name: https://github.com/kavia-common/MERN_Stack_Project_Ecommerce_Hayroo-304863.git:kavia-master
2026-02-02 15:44:31,480 - Knowledge - INFO - Found code_base: <app.utils.kg_build.knowledge.KnowledgeCodeBase object at 0x7fe54a4f47d0>
2026-02-02 15:44:31,685 - Knowledge - INFO - process ingested knowledge for /app/data/T0015/304863/b13420e/MERN_Stack_Project_Ecommerce_Hayroo-304863/client/src/components/shop/partials/FetchApi.js
2026-02-02 15:44:31,899 - Knowledge - INFO - Found code-base-name: https://github.com/kavia-common/MERN_Stack_Project_Ecommerce_Hayroo-304863.git:kavia-master
2026-02-02 15:44:32,073 - Knowledge - INFO - Found code_base: <app.utils.kg_build.knowledge.KnowledgeCodeBase object at 0x7fe54a4f47d0>
2026-02-02 15:44:32,256 - Knowledge - INFO - process ingested knowledge for /app/data/T0015/304863/b13420e/MERN_Stack_Project_Ecommerce_Hayroo-304863/client/src/components/shop/auth/AdminProtectedRoute.js
2026-02-02 15:44:32,479 - Knowledge - INFO - Found code-base-name: https://github.com/kavia-common/MERN_Stack_Project_Ecommerce_Hayroo-304863.git:kavia-master
2026-02-02 15:44:32,645 - Knowledge - INFO - Found code_base: <app.utils.kg_build.knowledge.KnowledgeCodeBase object at 0x7fe54a4f47d0>
2026-02-02 15:44:32,827 - Knowledge - INFO - process ingested knowledge for /app/data/T0015/304863/b13420e/MERN_Stack_Project_Ecommerce_Hayroo-304863/client/src/components/shop/dashboardUser/SettingUser.js
2026-02-02 15:44:33,058 - Knowledge - INFO - Found code-base-name: https://github.com/kavia-common/MERN_Stack_Project_Ecommerce_Hayroo-304863.git:kavia-master
2026-02-02 15:44:33,222 - Knowledge - INFO - Found code_base: <app.utils.kg_build.knowledge.KnowledgeCodeBase object at 0x7fe54a4f47d0>
2026-02-02 15:44:33,415 - Knowledge - INFO - process ingested knowledge for /app/data/T0015/304863/b13420e/MERN_Stack_Project_Ecommerce_Hayroo-304863/client/src/components/shop/home/SingleProduct.js
2026-02-02 15:44:33,633 - Knowledge - INFO - Found code-base-name: https://github.com/kavia-common/MERN_Stack_Project_Ecommerce_Hayroo-304863.git:kavia-master
2026-02-02 15:44:33,792 - Knowledge - INFO - Found code_base: <app.utils.kg_build.knowledge.KnowledgeCodeBase object at 0x7fe54a4f47d0>
2026-02-02 15:44:33,956 - Knowledge - INFO - process ingested knowledge for /app/data/T0015/304863/b13420e/MERN_Stack_Project_Ecommerce_Hayroo-304863/client/src/components/shop/home/Slider.js
2026-02-02 15:44:34,127 - Knowledge - INFO - Found code-base-name: https://github.com/kavia-common/MERN_Stack_Project_Ecommerce_Hayroo-304863.git:kavia-master
2026-02-02 15:44:34,335 - Knowledge - INFO - Found code_base: <app.utils.kg_build.knowledge.KnowledgeCodeBase object at 0x7fe54a4f47d0>
2026-02-02 15:44:34,538 - Knowledge - INFO - process ingested knowledge for /app/data/T0015/304863/b13420e/MERN_Stack_Project_Ecommerce_Hayroo-304863/client/src/components/admin/products/ProductTable.js
2026-02-02 15:44:34,724 - Knowledge - INFO - Found code-base-name: https://github.com/kavia-common/MERN_Stack_Project_Ecommerce_Hayroo-304863.git:kavia-master
2026-02-02 15:44:34,945 - Knowledge - INFO - Found code_base: <app.utils.kg_build.knowledge.KnowledgeCodeBase object at 0x7fe54a4f47d0>
2026-02-02 15:44:35,149 - Knowledge - INFO - process ingested knowledge for /app/data/T0015/304863/b13420e/MERN_Stack_Project_Ecommerce_Hayroo-304863/client/src/components/shop/partials/Mixins.js
2026-02-02 15:44:35,320 - Knowledge - INFO - Found code-base-name: https://github.com/kavia-common/MERN_Stack_Project_Ecommerce_Hayroo-304863.git:kavia-master
2026-02-02 15:44:35,531 - Knowledge - INFO - Found code_base: <app.utils.kg_build.knowledge.KnowledgeCodeBase object at 0x7fe54a4f47d0>
2026-02-02 15:44:35,708 - Knowledge - INFO - process ingested knowledge for /app/data/T0015/304863/b13420e/MERN_Stack_Project_Ecommerce_Hayroo-304863/client/src/components/admin/dashboardAdmin/index.js
2026-02-02 15:44:35,885 - Knowledge - INFO - Found code-base-name: https://github.com/kavia-common/MERN_Stack_Project_Ecommerce_Hayroo-304863.git:kavia-master
2026-02-02 15:44:36,084 - Knowledge - INFO - Found code_base: <app.utils.kg_build.knowledge.KnowledgeCodeBase object at 0x7fe54a4f47d0>
2026-02-02 15:44:36,287 - Knowledge - INFO - process ingested knowledge for /app/data/T0015/304863/b13420e/MERN_Stack_Project_Ecommerce_Hayroo-304863/client/src/components/admin/categories/CategoryMenu.js
2026-02-02 15:44:36,494 - Knowledge - INFO - Found code-base-name: https://github.com/kavia-common/MERN_Stack_Project_Ecommerce_Hayroo-304863.git:kavia-master
2026-02-02 15:44:36,686 - Knowledge - INFO - Found code_base: <app.utils.kg_build.knowledge.KnowledgeCodeBase object at 0x7fe54a4f47d0>
2026-02-02 15:44:36,882 - Knowledge - INFO - process ingested knowledge for /app/data/T0015/304863/b13420e/MERN_Stack_Project_Ecommerce_Hayroo-304863/client/src/components/shop/partials/index.js
2026-02-02 15:44:37,089 - Knowledge - INFO - Found code-base-name: https://github.com/kavia-common/MERN_Stack_Project_Ecommerce_Hayroo-304863.git:kavia-master
2026-02-02 15:44:37,332 - Knowledge - INFO - Found code_base: <app.utils.kg_build.knowledge.KnowledgeCodeBase object at 0x7fe54a4f47d0>
2026-02-02 15:44:37,550 - Knowledge - INFO - process ingested knowledge for /app/data/T0015/304863/b13420e/MERN_Stack_Project_Ecommerce_Hayroo-304863/client/src/components/admin/categories/CategoryContext.js
2026-02-02 15:44:37,747 - Knowledge - INFO - Found code-base-name: https://github.com/kavia-common/MERN_Stack_Project_Ecommerce_Hayroo-304863.git:kavia-master
2026-02-02 15:44:37,899 - Knowledge - INFO - Found code_base: <app.utils.kg_build.knowledge.KnowledgeCodeBase object at 0x7fe54a4f47d0>
2026-02-02 15:44:38,080 - Knowledge - INFO - process ingested knowledge for /app/data/T0015/304863/b13420e/MERN_Stack_Project_Ecommerce_Hayroo-304863/client/src/components/shop/home/ProductCategory.js
2026-02-02 15:44:38,267 - Knowledge - INFO - Found code-base-name: https://github.com/kavia-common/MERN_Stack_Project_Ecommerce_Hayroo-304863.git:kavia-master
2026-02-02 15:44:38,495 - Knowledge - INFO - Found code_base: <app.utils.kg_build.knowledge.KnowledgeCodeBase object at 0x7fe54a4f47d0>
2026-02-02 15:44:38,679 - Knowledge - INFO - process ingested knowledge for /app/data/T0015/304863/b13420e/MERN_Stack_Project_Ecommerce_Hayroo-304863/client/src/components/shop/layout/PageNotFound.js
2026-02-02 15:44:38,854 - Knowledge - INFO - Found code-base-name: https://github.com/kavia-common/MERN_Stack_Project_Ecommerce_Hayroo-304863.git:kavia-master
2026-02-02 15:44:39,038 - Knowledge - INFO - Found code_base: <app.utils.kg_build.knowledge.KnowledgeCodeBase object at 0x7fe54a4f47d0>
2026-02-02 15:44:39,206 - Knowledge - INFO - process ingested knowledge for /app/data/T0015/304863/b13420e/MERN_Stack_Project_Ecommerce_Hayroo-304863/server/routes/customize.js
2026-02-02 15:44:39,380 - Knowledge - INFO - Found code-base-name: https://github.com/kavia-common/MERN_Stack_Project_Ecommerce_Hayroo-304863.git:kavia-master
2026-02-02 15:44:39,581 - Knowledge - INFO - Found code_base: <app.utils.kg_build.knowledge.KnowledgeCodeBase object at 0x7fe54a4f47d0>
2026-02-02 15:44:39,758 - Knowledge - INFO - process ingested knowledge for /app/data/T0015/304863/b13420e/MERN_Stack_Project_Ecommerce_Hayroo-304863/client/src/components/shop/auth/Signup.js
2026-02-02 15:44:39,940 - Knowledge - INFO - Found code-base-name: https://github.com/kavia-common/MERN_Stack_Project_Ecommerce_Hayroo-304863.git:kavia-master
2026-02-02 15:44:40,107 - Knowledge - INFO - Found code_base: <app.utils.kg_build.knowledge.KnowledgeCodeBase object at 0x7fe54a4f47d0>
2026-02-02 15:44:40,306 - Knowledge - INFO - process ingested knowledge for /app/data/T0015/304863/b13420e/MERN_Stack_Project_Ecommerce_Hayroo-304863/client/src/components/admin/index.js
2026-02-02 15:44:40,511 - Knowledge - INFO - Found code-base-name: https://github.com/kavia-common/MERN_Stack_Project_Ecommerce_Hayroo-304863.git:kavia-master
2026-02-02 15:44:40,672 - Knowledge - INFO - Found code_base: <app.utils.kg_build.knowledge.KnowledgeCodeBase object at 0x7fe54a4f47d0>
2026-02-02 15:44:40,867 - Knowledge - INFO - process ingested knowledge for /app/data/T0015/304863/b13420e/MERN_Stack_Project_Ecommerce_Hayroo-304863/README.md
2026-02-02 15:44:41,052 - Knowledge - INFO - Found code-base-name: https://github.com/kavia-common/MERN_Stack_Project_Ecommerce_Hayroo-304863.git:kavia-master
2026-02-02 15:44:41,248 - Knowledge - INFO - Found code_base: <app.utils.kg_build.knowledge.KnowledgeCodeBase object at 0x7fe54a4f47d0>
2026-02-02 15:44:41,475 - Knowledge - INFO - process ingested knowledge for /app/data/T0015/304863/b13420e/MERN_Stack_Project_Ecommerce_Hayroo-304863/client/src/components/index.js
2026-02-02 15:44:41,723 - Knowledge - INFO - Found code-base-name: https://github.com/kavia-common/MERN_Stack_Project_Ecommerce_Hayroo-304863.git:kavia-master
2026-02-02 15:44:41,915 - Knowledge - INFO - Found code_base: <app.utils.kg_build.knowledge.KnowledgeCodeBase object at 0x7fe54a4f47d0>
2026-02-02 15:44:42,134 - Knowledge - INFO - process ingested knowledge for /app/data/T0015/304863/b13420e/MERN_Stack_Project_Ecommerce_Hayroo-304863/client/src/components/shop/order/FetchApi.js
2026-02-02 15:44:42,310 - Knowledge - INFO - Found code-base-name: https://github.com/kavia-common/MERN_Stack_Project_Ecommerce_Hayroo-304863.git:kavia-master
2026-02-02 15:44:42,490 - Knowledge - INFO - Found code_base: <app.utils.kg_build.knowledge.KnowledgeCodeBase object at 0x7fe54a4f47d0>
2026-02-02 15:44:42,655 - Knowledge - INFO - process ingested knowledge for /app/data/T0015/304863/b13420e/MERN_Stack_Project_Ecommerce_Hayroo-304863/client/src/components/admin/categories/EditCategoryModal.js
2026-02-02 15:44:42,828 - Knowledge - INFO - Found code-base-name: https://github.com/kavia-common/MERN_Stack_Project_Ecommerce_Hayroo-304863.git:kavia-master
2026-02-02 15:44:42,989 - Knowledge - INFO - Found code_base: <app.utils.kg_build.knowledge.KnowledgeCodeBase object at 0x7fe54a4f47d0>
2026-02-02 15:44:43,193 - Knowledge - INFO - process ingested knowledge for /app/data/T0015/304863/b13420e/MERN_Stack_Project_Ecommerce_Hayroo-304863/client/src/components/admin/orders/index.js
2026-02-02 15:44:43,368 - Knowledge - INFO - Found code-base-name: https://github.com/kavia-common/MERN_Stack_Project_Ecommerce_Hayroo-304863.git:kavia-master
2026-02-02 15:44:43,585 - Knowledge - INFO - Found code_base: <app.utils.kg_build.knowledge.KnowledgeCodeBase object at 0x7fe54a4f47d0>
2026-02-02 15:44:43,762 - Knowledge - INFO - process ingested knowledge for /app/data/T0015/304863/b13420e/MERN_Stack_Project_Ecommerce_Hayroo-304863/server/controller/orders.js
2026-02-02 15:44:43,988 - Knowledge - INFO - Found code-base-name: https://github.com/kavia-common/MERN_Stack_Project_Ecommerce_Hayroo-304863.git:kavia-master
2026-02-02 15:44:44,173 - Knowledge - INFO - Found code_base: <app.utils.kg_build.knowledge.KnowledgeCodeBase object at 0x7fe54a4f47d0>
2026-02-02 15:44:44,355 - Knowledge - INFO - process ingested knowledge for /app/data/T0015/304863/b13420e/MERN_Stack_Project_Ecommerce_Hayroo-304863/client/src/components/shop/order/CheckoutProducts.js
2026-02-02 15:44:44,566 - Knowledge - INFO - Found code-base-name: https://github.com/kavia-common/MERN_Stack_Project_Ecommerce_Hayroo-304863.git:kavia-master
2026-02-02 15:44:44,770 - Knowledge - INFO - Found code_base: <app.utils.kg_build.knowledge.KnowledgeCodeBase object at 0x7fe54a4f47d0>
2026-02-02 15:44:44,967 - Knowledge - INFO - process ingested knowledge for /app/data/T0015/304863/b13420e/MERN_Stack_Project_Ecommerce_Hayroo-304863/client/src/components/shop/auth/fetchApi.js
2026-02-02 15:44:45,154 - Knowledge - INFO - Found code-base-name: https://github.com/kavia-common/MERN_Stack_Project_Ecommerce_Hayroo-304863.git:kavia-master
2026-02-02 15:44:45,318 - Knowledge - INFO - Found code_base: <app.utils.kg_build.knowledge.KnowledgeCodeBase object at 0x7fe54a4f47d0>
2026-02-02 15:44:45,503 - Knowledge - INFO - process ingested knowledge for /app/data/T0015/304863/b13420e/MERN_Stack_Project_Ecommerce_Hayroo-304863/server/models/orders.js
2026-02-02 15:44:45,703 - Knowledge - INFO - Found code-base-name: https://github.com/kavia-common/MERN_Stack_Project_Ecommerce_Hayroo-304863.git:kavia-master
2026-02-02 15:44:45,884 - Knowledge - INFO - Found code_base: <app.utils.kg_build.knowledge.KnowledgeCodeBase object at 0x7fe54a4f47d0>
2026-02-02 15:44:46,049 - Knowledge - INFO - process ingested knowledge for /app/data/T0015/304863/b13420e/MERN_Stack_Project_Ecommerce_Hayroo-304863/client/src/components/admin/orders/AllOrders.js
2026-02-02 15:44:46,273 - Knowledge - INFO - Found code-base-name: https://github.com/kavia-common/MERN_Stack_Project_Ecommerce_Hayroo-304863.git:kavia-master
2026-02-02 15:44:46,467 - Knowledge - INFO - Found code_base: <app.utils.kg_build.knowledge.KnowledgeCodeBase object at 0x7fe54a4f47d0>
2026-02-02 15:44:46,669 - Knowledge - INFO - process ingested knowledge for /app/data/T0015/304863/b13420e/MERN_Stack_Project_Ecommerce_Hayroo-304863/client/src/components/shop/home/style.css
2026-02-02 15:44:46,859 - Knowledge - INFO - Found code-base-name: https://github.com/kavia-common/MERN_Stack_Project_Ecommerce_Hayroo-304863.git:kavia-master
2026-02-02 15:44:47,025 - Knowledge - INFO - Found code_base: <app.utils.kg_build.knowledge.KnowledgeCodeBase object at 0x7fe54a4f47d0>
2026-02-02 15:44:47,231 - Knowledge - INFO - process ingested knowledge for /app/data/T0015/304863/b13420e/MERN_Stack_Project_Ecommerce_Hayroo-304863/client/src/components/shop/layout/index.js
2026-02-02 15:44:47,448 - Knowledge - INFO - Found code-base-name: https://github.com/kavia-common/MERN_Stack_Project_Ecommerce_Hayroo-304863.git:kavia-master
2026-02-02 15:44:47,639 - Knowledge - INFO - Found code_base: <app.utils.kg_build.knowledge.KnowledgeCodeBase object at 0x7fe54a4f47d0>
2026-02-02 15:44:47,842 - Knowledge - INFO - process ingested knowledge for /app/data/T0015/304863/b13420e/MERN_Stack_Project_Ecommerce_Hayroo-304863/client/src/components/shop/productDetails/Submenu.js
2026-02-02 15:44:48,059 - Knowledge - INFO - Found code-base-name: https://github.com/kavia-common/MERN_Stack_Project_Ecommerce_Hayroo-304863.git:kavia-master
2026-02-02 15:44:48,258 - Knowledge - INFO - Found code_base: <app.utils.kg_build.knowledge.KnowledgeCodeBase object at 0x7fe54a4f47d0>
2026-02-02 15:44:48,465 - Knowledge - INFO - process ingested knowledge for /app/data/T0015/304863/b13420e/MERN_Stack_Project_Ecommerce_Hayroo-304863/client/src/components/admin/partials/AdminNavber.js
2026-02-02 15:44:48,621 - Knowledge - INFO - Found code-base-name: https://github.com/kavia-common/MERN_Stack_Project_Ecommerce_Hayroo-304863.git:kavia-master
2026-02-02 15:44:48,798 - Knowledge - INFO - Found code_base: <app.utils.kg_build.knowledge.KnowledgeCodeBase object at 0x7fe54a4f47d0>
2026-02-02 15:44:48,974 - Knowledge - INFO - process ingested knowledge for /app/data/T0015/304863/b13420e/MERN_Stack_Project_Ecommerce_Hayroo-304863/client/src/serviceWorker.js
2026-02-02 15:44:49,169 - Knowledge - INFO - Found code-base-name: https://github.com/kavia-common/MERN_Stack_Project_Ecommerce_Hayroo-304863.git:kavia-master
2026-02-02 15:44:49,373 - Knowledge - INFO - Found code_base: <app.utils.kg_build.knowledge.KnowledgeCodeBase object at 0x7fe54a4f47d0>
2026-02-02 15:44:49,572 - Knowledge - INFO - process ingested knowledge for /app/data/T0015/304863/b13420e/MERN_Stack_Project_Ecommerce_Hayroo-304863/client/src/components/shop/partials/Navber.js
2026-02-02 15:44:49,736 - Knowledge - INFO - Found code-base-name: https://github.com/kavia-common/MERN_Stack_Project_Ecommerce_Hayroo-304863.git:kavia-master
2026-02-02 15:44:49,960 - Knowledge - INFO - Found code_base: <app.utils.kg_build.knowledge.KnowledgeCodeBase object at 0x7fe54a4f47d0>
2026-02-02 15:44:50,128 - Knowledge - INFO - process ingested knowledge for /app/data/T0015/304863/b13420e/MERN_Stack_Project_Ecommerce_Hayroo-304863/client/src/components/admin/dashboardAdmin/Action.js
2026-02-02 15:44:50,333 - Knowledge - INFO - Found code-base-name: https://github.com/kavia-common/MERN_Stack_Project_Ecommerce_Hayroo-304863.git:kavia-master
2026-02-02 15:44:50,498 - Knowledge - INFO - Found code_base: <app.utils.kg_build.knowledge.KnowledgeCodeBase object at 0x7fe54a4f47d0>
2026-02-02 15:44:50,667 - Knowledge - INFO - process ingested knowledge for /app/data/T0015/304863/b13420e/MERN_Stack_Project_Ecommerce_Hayroo-304863/client/README.md
2026-02-02 15:44:50,863 - Knowledge - INFO - Found code-base-name: https://github.com/kavia-common/MERN_Stack_Project_Ecommerce_Hayroo-304863.git:kavia-master
2026-02-02 15:44:51,013 - Knowledge - INFO - Found code_base: <app.utils.kg_build.knowledge.KnowledgeCodeBase object at 0x7fe54a4f47d0>
2026-02-02 15:44:51,174 - Knowledge - INFO - process ingested knowledge for /app/data/T0015/304863/b13420e/MERN_Stack_Project_Ecommerce_Hayroo-304863/client/src/components/shop/partials/Action.js
2026-02-02 15:44:51,343 - Knowledge - INFO - Found code-base-name: https://github.com/kavia-common/MERN_Stack_Project_Ecommerce_Hayroo-304863.git:kavia-master
2026-02-02 15:44:51,560 - Knowledge - INFO - Found code_base: <app.utils.kg_build.knowledge.KnowledgeCodeBase object at 0x7fe54a4f47d0>
2026-02-02 15:44:51,724 - Knowledge - INFO - process ingested knowledge for /app/data/T0015/304863/b13420e/MERN_Stack_Project_Ecommerce_Hayroo-304863/client/src/components/admin/orders/UpdateOrderModal.js
2026-02-02 15:44:51,949 - Knowledge - INFO - Found code-base-name: https://github.com/kavia-common/MERN_Stack_Project_Ecommerce_Hayroo-304863.git:kavia-master
2026-02-02 15:44:52,159 - Knowledge - INFO - Found code_base: <app.utils.kg_build.knowledge.KnowledgeCodeBase object at 0x7fe54a4f47d0>
2026-02-02 15:44:52,330 - Knowledge - INFO - process ingested knowledge for /app/data/T0015/304863/b13420e/MERN_Stack_Project_Ecommerce_Hayroo-304863/server/models/customize.js
2026-02-02 15:44:52,543 - Knowledge - INFO - Found code-base-name: https://github.com/kavia-common/MERN_Stack_Project_Ecommerce_Hayroo-304863.git:kavia-master
2026-02-02 15:44:52,739 - Knowledge - INFO - Found code_base: <app.utils.kg_build.knowledge.KnowledgeCodeBase object at 0x7fe54a4f47d0>
2026-02-02 15:44:52,936 - Knowledge - INFO - process ingested knowledge for /app/data/T0015/304863/b13420e/MERN_Stack_Project_Ecommerce_Hayroo-304863/client/src/components/shop/order/Action.js
2026-02-02 15:44:53,205 - Knowledge - INFO - Found code-base-name: https://github.com/kavia-common/MERN_Stack_Project_Ecommerce_Hayroo-304863.git:kavia-master
2026-02-02 15:44:53,380 - Knowledge - INFO - Found code_base: <app.utils.kg_build.knowledge.KnowledgeCodeBase object at 0x7fe54a4f47d0>
2026-02-02 15:44:53,555 - Knowledge - INFO - process ingested knowledge for /app/data/T0015/304863/b13420e/MERN_Stack_Project_Ecommerce_Hayroo-304863/client/src/components/admin/products/AddProductModal.js
2026-02-02 15:44:53,735 - Knowledge - INFO - Found code-base-name: https://github.com/kavia-common/MERN_Stack_Project_Ecommerce_Hayroo-304863.git:kavia-master
2026-02-02 15:44:53,922 - Knowledge - INFO - Found code_base: <app.utils.kg_build.knowledge.KnowledgeCodeBase object at 0x7fe54a4f47d0>
2026-02-02 15:44:54,199 - Knowledge - INFO - process ingested knowledge for /app/data/T0015/304863/b13420e/MERN_Stack_Project_Ecommerce_Hayroo-304863/client/public/index.html
2026-02-02 15:44:54,395 - Knowledge - INFO - Found code-base-name: https://github.com/kavia-common/MERN_Stack_Project_Ecommerce_Hayroo-304863.git:kavia-master
2026-02-02 15:44:54,570 - Knowledge - INFO - Found code_base: <app.utils.kg_build.knowledge.KnowledgeCodeBase object at 0x7fe54a4f47d0>
2026-02-02 15:44:54,762 - Knowledge - INFO - process ingested knowledge for /app/data/T0015/304863/b13420e/MERN_Stack_Project_Ecommerce_Hayroo-304863/client/src/components/admin/orders/SearchFilter.js
2026-02-02 15:44:54,991 - Knowledge - INFO - Found code-base-name: https://github.com/kavia-common/MERN_Stack_Project_Ecommerce_Hayroo-304863.git:kavia-master
2026-02-02 15:44:55,177 - Knowledge - INFO - Found code_base: <app.utils.kg_build.knowledge.KnowledgeCodeBase object at 0x7fe54a4f47d0>
2026-02-02 15:44:55,351 - Knowledge - INFO - process ingested knowledge for /app/data/T0015/304863/b13420e/MERN_Stack_Project_Ecommerce_Hayroo-304863/server/controller/customize.js
2026-02-02 15:44:55,560 - Knowledge - INFO - Found code-base-name: https://github.com/kavia-common/MERN_Stack_Project_Ecommerce_Hayroo-304863.git:kavia-master
2026-02-02 15:44:55,742 - Knowledge - INFO - Found code_base: <app.utils.kg_build.knowledge.KnowledgeCodeBase object at 0x7fe54a4f47d0>
2026-02-02 15:44:55,906 - Knowledge - INFO - process ingested knowledge for /app/data/T0015/304863/b13420e/MERN_Stack_Project_Ecommerce_Hayroo-304863/client/src/components/admin/partials/AdminSidebar.js
2026-02-02 15:44:56,144 - Knowledge - INFO - Found code-base-name: https://github.com/kavia-common/MERN_Stack_Project_Ecommerce_Hayroo-304863.git:kavia-master
2026-02-02 15:44:56,382 - Knowledge - INFO - Found code_base: <app.utils.kg_build.knowledge.KnowledgeCodeBase object at 0x7fe54a4f47d0>
2026-02-02 15:44:56,554 - Knowledge - INFO - process ingested knowledge for /app/data/T0015/304863/b13420e/MERN_Stack_Project_Ecommerce_Hayroo-304863/client/src/components/admin/dashboardAdmin/DashboardCard.js
2026-02-02 15:44:56,745 - Knowledge - INFO - Found code-base-name: https://github.com/kavia-common/MERN_Stack_Project_Ecommerce_Hayroo-304863.git:kavia-master
2026-02-02 15:44:56,973 - Knowledge - INFO - Found code_base: <app.utils.kg_build.knowledge.KnowledgeCodeBase object at 0x7fe54a4f47d0>
2026-02-02 15:44:57,135 - Knowledge - INFO - process ingested knowledge for /app/data/T0015/304863/b13420e/MERN_Stack_Project_Ecommerce_Hayroo-304863/client/src/components/admin/orders/FetchApi.js
2026-02-02 15:44:57,329 - Knowledge - INFO - Found code-base-name: https://github.com/kavia-common/MERN_Stack_Project_Ecommerce_Hayroo-304863.git:kavia-master
2026-02-02 15:44:57,537 - Knowledge - INFO - Found code_base: <app.utils.kg_build.knowledge.KnowledgeCodeBase object at 0x7fe54a4f47d0>
2026-02-02 15:44:57,722 - Knowledge - INFO - process ingested knowledge for /app/data/T0015/304863/b13420e/MERN_Stack_Project_Ecommerce_Hayroo-304863/client/src/components/admin/orders/AddCategoryModal.js
2026-02-02 15:44:57,879 - Knowledge - INFO - Loaded 128 files from persisted knowledge
2026-02-02 15:44:58,110 - Knowledge - INFO - load persisted knowledge: end
2026-02-02 15:44:58,338 - Knowledge - INFO - Redis support added with prefix knowledge:b13420e:
2026-02-02 15:44:58,653 - Knowledge - INFO - Starting knowledge initialization for ID: KhuzT9-b13420e
2026-02-02 15:44:58,819 - Knowledge - INFO - 🔍 Checking Redis for build_id: b13420e
2026-02-02 15:44:59,010 - Knowledge - INFO - 🔍 Full session ID: KhuzT9-b13420e
2026-02-02 15:44:59,177 - Knowledge - INFO - 🔍 Redis prefix will be: knowledge:b13420e:
2026-02-02 15:44:59,353 - Knowledge - INFO - 🔍 Using attached load_from_redis() method
2026-02-02 15:44:59,529 - Knowledge - INFO - 🔍 Attempting to load knowledge from Redis...
2026-02-02 15:44:59,720 - Knowledge - INFO - 🔍 Using derived instance_id for Redis lookup: b13420e
2026-02-02 15:44:59,929 - Knowledge - INFO - ✅ Redis cache found! Loading knowledge...
2026-02-02 15:45:00,144 - Knowledge - INFO - ✅ Successfully loaded from Redis: 128 files
2026-02-02 15:45:00,366 - Knowledge - INFO - ✅ Redis load complete: 128 files in 1.01s
2026-02-02 15:45:00,578 - Knowledge - INFO - ⚡ Total Redis path: 1.01s (vs ~300s from disk)
2026-02-02 15:45:00,773 - Knowledge - INFO - Saving knowledge to Redis...
2026-02-02 15:45:01,066 - Knowledge - INFO - Knowledge saved to Redis successfully
